target_id,comparison_id,overlap,n
A1.jpg,A2.jpg,0.34840579710144925,2
A1.jpg,B1.jpg,0.2864369701941482,2
A1.jpg,C1.jpg,0.06321510297482838,2
A1.jpg,D1.jpg,0.042318840579710144,2
A1.jpg,E1.jpg,0.21014492753623187,2
A1.jpg,F1.jpg,0.33689712520788784,2
A1.jpg,H1.jpg,0.13768115942028986,2
A1.jpg,I1.jpg,0.09974424552429667,2
A1.jpg,J1.jpg,0.1709753231492362,2
A1.jpg,K1.jpg,0.09739130434782609,2
A1.jpg,N1.jpg,0.48550724637681164,2
A1.jpg,O1.jpg,0.47101449275362317,2
A1.jpg,T1.jpg,0.3909749670619236,2
A1.jpg,tangram-103.jpg,0.15942028985507245,2
A1.jpg,tangram-106.jpg,0.21563146997929605,2
A1.jpg,tangram-108.jpg,0.15687935253152646,2
A1.jpg,tangram-119.jpg,0.45790200138026227,2
A1.jpg,tangram-120.jpg,0.0875139353400223,2
A1.jpg,tangram-142.jpg,0.15386142545165774,2
A1.jpg,tangram-146.jpg,0.4138292299633316,2
A1.jpg,tangram-155.jpg,0.0904385469602861,2
A1.jpg,tangram-164.jpg,0.05430196294257934,2
A1.jpg,tangram-168.jpg,0.303030303030303,2
A1.jpg,tangram-171.jpg,0.3593350383631714,2
A1.jpg,tangram-178.jpg,0.36755233494363926,2
A1.jpg,tangram-187.jpg,0.25172798216276476,2
A1.jpg,tangram-30.jpg,0.5244565217391304,2
A1.jpg,tangram-4.jpg,0.10658212560386474,2
A1.jpg,tangram-44.jpg,0.330546265328874,2
A1.jpg,tangram-48.jpg,0.19966555183946488,2
A1.jpg,tangram-53.jpg,0.17635987201204595,2
A1.jpg,tangram-6.jpg,0.11197141155449672,2
A1.jpg,tangram-64.jpg,0.3463371054198928,2
A1.jpg,tangram-67.jpg,0.4566238007756685,2
A1.jpg,tangram-71.jpg,0.14055985705777246,2
A1.jpg,tangram-74.jpg,0.16511387163561075,2
A1.jpg,tangram-8.jpg,0.08168642951251648,2
A1.jpg,tangram-81.jpg,0.5213626952757386,2
A1.jpg,tangram-87.jpg,0.09130434782608696,2
A1.jpg,tangram-9.jpg,0.1722080136402387,2
A1.jpg,tangram-90.jpg,0.49888517279821626,2
A1.jpg,tangram-96.jpg,0.3686594202898551,2
A1.jpg,tangram-99.jpg,0.4555682684973303,2
A1.jpg,V1.jpg,0.5029644268774703,2
A1.jpg,W1.jpg,0.38862418106015484,2
A1.jpg,Y1.jpg,0.12204968944099379,2
A2.jpg,B1.jpg,0.21320754716981133,2
A2.jpg,E1.jpg,0.22144927536231884,2
A2.jpg,H1.jpg,0.10072463768115943,2
A2.jpg,J1.jpg,0.14432432432432435,2
A2.jpg,K1.jpg,0.05,2
A2.jpg,N1.jpg,0.3318840579710145,2
A2.jpg,tangram-103.jpg,0.32666666666666666,2
A2.jpg,tangram-106.jpg,0.24857142857142855,2
A2.jpg,tangram-119.jpg,0.44253968253968257,2
A2.jpg,tangram-120.jpg,0.07923076923076923,2
A2.jpg,tangram-142.jpg,0.09739726027397261,2
A2.jpg,tangram-155.jpg,0.0894805194805195,2
A2.jpg,tangram-164.jpg,0.0389873417721519,2
A2.jpg,tangram-171.jpg,0.2562745098039216,2
A2.jpg,tangram-48.jpg,0.17923076923076925,2
A2.jpg,tangram-6.jpg,0.0573972602739726,2
A2.jpg,tangram-67.jpg,0.37352112676056337,2
A2.jpg,tangram-71.jpg,0.1410958904109589,2
A2.jpg,tangram-74.jpg,0.12,2
A2.jpg,tangram-8.jpg,0.04727272727272727,2
A2.jpg,tangram-81.jpg,0.3983116883116883,2
A2.jpg,tangram-90.jpg,0.34461538461538466,2
A2.jpg,V1.jpg,0.33939393939393936,2
A2.jpg,W1.jpg,0.34863013698630135,2
B1.jpg,H1.jpg,0.11963357943669675,2
B1.jpg,J1.jpg,0.0971443141254462,2
B1.jpg,tangram-74.jpg,0.19919137466307277,2
B1.jpg,W1.jpg,0.10881364693719307,2
C1.jpg,A2.jpg,0,2
C1.jpg,B1.jpg,0.07720953326713009,2
C1.jpg,E1.jpg,0.18440122044241036,2
C1.jpg,H1.jpg,0.2330282227307399,2
C1.jpg,J1.jpg,0.35953058321479375,2
C1.jpg,K1.jpg,0.3117543859649123,2
C1.jpg,N1.jpg,0.08428680396643784,2
C1.jpg,T1.jpg,0.1638755980861244,2
C1.jpg,tangram-103.jpg,0,2
C1.jpg,tangram-106.jpg,0.08233082706766917,2
C1.jpg,tangram-119.jpg,0.0923141186299081,2
C1.jpg,tangram-120.jpg,0.0904183535762483,2
C1.jpg,tangram-142.jpg,0.08741888968997837,2
C1.jpg,tangram-155.jpg,0.2225734791524265,2
C1.jpg,tangram-164.jpg,0.16555629580279813,2
C1.jpg,tangram-168.jpg,0.10566188197767146,2
C1.jpg,tangram-171.jpg,0.08178534571723427,2
C1.jpg,tangram-48.jpg,0.06589068825910932,2
C1.jpg,tangram-6.jpg,0.20007209805335255,2
C1.jpg,tangram-67.jpg,0.10378057820607858,2
C1.jpg,tangram-71.jpg,0.11950252343186733,2
C1.jpg,tangram-74.jpg,0.20018796992481203,2
C1.jpg,tangram-8.jpg,0.22248803827751196,2
C1.jpg,tangram-81.jpg,0.07826384142173616,2
C1.jpg,tangram-87.jpg,0.3379824561403509,2
C1.jpg,tangram-90.jpg,0.07246963562753037,2
C1.jpg,tangram-99.jpg,0.05921052631578947,2
C1.jpg,V1.jpg,0.04445773524720893,2
C1.jpg,W1.jpg,0.06056236481614996,2
C2.jpg,A1.jpg,0.28756674294431733,2
C2.jpg,A2.jpg,0.08973684210526317,2
C2.jpg,B1.jpg,0.4970208540218471,2
C2.jpg,C1.jpg,0.14473684210526316,2
C2.jpg,D1.jpg,0.01324561403508772,2
C2.jpg,E1.jpg,0.10202135774218155,2
C2.jpg,F1.jpg,0.014775668679896463,2
C2.jpg,G1.jpg,0.2709815078236131,2
C2.jpg,H1.jpg,0.42191075514874143,2
C2.jpg,I1.jpg,0.331656346749226,2
C2.jpg,J1.jpg,0.0860597439544808,2
C2.jpg,K1.jpg,0.34324561403508774,2
C2.jpg,L1.jpg,0.1211160431198478,2
C2.jpg,M1.jpg,0.30838815789473684,2
C2.jpg,N1.jpg,0.1013539282990084,2
C2.jpg,O1.jpg,0.10202135774218155,2
C2.jpg,P1.jpg,0.3962280701754386,2
C2.jpg,R1.jpg,0.09410755148741419,2
C2.jpg,T1.jpg,0.2974481658692185,2
C2.jpg,tangram-103.jpg,0.041475972540045765,2
C2.jpg,tangram-106.jpg,0.25169172932330824,2
C2.jpg,tangram-108.jpg,0.03255297334244703,2
C2.jpg,tangram-111.jpg,0.053157894736842105,2
C2.jpg,tangram-114.jpg,0.1381578947368421,2
C2.jpg,tangram-119.jpg,0.11862990810359231,2
C2.jpg,tangram-120.jpg,0.3723009446693657,2
C2.jpg,tangram-126.jpg,0.2841394025604552,2
C2.jpg,tangram-140.jpg,0.14376218323586742,2
C2.jpg,tangram-142.jpg,0.33931146359048303,2
C2.jpg,tangram-143.jpg,0.016382868937048503,2
C2.jpg,tangram-146.jpg,0.11509194673430564,2
C2.jpg,tangram-150.jpg,0.07588739290085679,2
C2.jpg,tangram-155.jpg,0.288961038961039,2
C2.jpg,tangram-164.jpg,0.03847435043304463,2
C2.jpg,tangram-168.jpg,0.10267145135566189,2
C2.jpg,tangram-171.jpg,0.4002837977296182,2
C2.jpg,tangram-178.jpg,0.03435672514619883,2
C2.jpg,tangram-179.jpg,0.21936090225563912,2
C2.jpg,tangram-183.jpg,0.08752860411899313,2
C2.jpg,tangram-187.jpg,0.07459514170040485,2
C2.jpg,tangram-192.jpg,0.2559041835357625,2
C2.jpg,tangram-30.jpg,0.2909356725146199,2
C2.jpg,tangram-32.jpg,0.12792397660818713,2
C2.jpg,tangram-4.jpg,0.18494152046783627,2
C2.jpg,tangram-44.jpg,0.3331646423751687,2
C2.jpg,tangram-48.jpg,0.10313765182186235,2
C2.jpg,tangram-53.jpg,0.11132946001367054,2
C2.jpg,tangram-55.jpg,0.026144907723855092,2
C2.jpg,tangram-6.jpg,0.43303893294881035,2
C2.jpg,tangram-64.jpg,0.20529920692141312,2
C2.jpg,tangram-67.jpg,0.07987398072646404,2
C2.jpg,tangram-71.jpg,0.3790555155010815,2
C2.jpg,tangram-74.jpg,0.3845864661654135,2
C2.jpg,tangram-8.jpg,0.0839712918660287,2
C2.jpg,tangram-81.jpg,0.11790840738209159,2
C2.jpg,tangram-87.jpg,0.27035087719298245,2
C2.jpg,tangram-9.jpg,0.1902734778121775,2
C2.jpg,tangram-90.jpg,0.11082995951417005,2
C2.jpg,tangram-96.jpg,0.3062865497076024,2
C2.jpg,tangram-99.jpg,0.10526315789473684,2
C2.jpg,V1.jpg,0.021730462519936204,2
C2.jpg,W1.jpg,0.10661499639509733,2
C2.jpg,Y1.jpg,0.34943609022556393,2
D1.jpg,A2.jpg,0.05,2
D1.jpg,B1.jpg,0.01610062893081761,2
D1.jpg,C1.jpg,0.0863157894736842,2
D1.jpg,E1.jpg,0.20927536231884059,2
D1.jpg,F1.jpg,0.05278688524590164,2
D1.jpg,H1.jpg,0.07072463768115941,2
D1.jpg,I1.jpg,0.06588235294117648,2
D1.jpg,J1.jpg,0.16792792792792793,2
D1.jpg,K1.jpg,0.11333333333333334,2
D1.jpg,N1.jpg,0.021159420289855072,2
D1.jpg,O1.jpg,0.035072463768115944,2
D1.jpg,T1.jpg,0.07303030303030303,2
D1.jpg,tangram-103.jpg,0.01391304347826087,2
D1.jpg,tangram-106.jpg,0.03428571428571429,2
D1.jpg,tangram-108.jpg,0.07194805194805196,2
D1.jpg,tangram-119.jpg,0.11809523809523809,2
D1.jpg,tangram-120.jpg,0.038974358974358976,2
D1.jpg,tangram-142.jpg,0.054246575342465755,2
D1.jpg,tangram-146.jpg,0.012690763052208835,2
D1.jpg,tangram-155.jpg,0.10424242424242425,2
D1.jpg,tangram-164.jpg,0.13561181434599157,2
D1.jpg,tangram-168.jpg,0.056969696969696976,2
D1.jpg,tangram-171.jpg,0.03607843137254902,2
D1.jpg,tangram-178.jpg,0.0662962962962963,2
D1.jpg,tangram-187.jpg,0.03538461538461539,2
D1.jpg,tangram-30.jpg,0.06111111111111111,2
D1.jpg,tangram-4.jpg,0.21083333333333332,2
D1.jpg,tangram-44.jpg,0.04564102564102564,2
D1.jpg,tangram-48.jpg,0,2
D1.jpg,tangram-53.jpg,0.0916017316017316,2
D1.jpg,tangram-6.jpg,0.088493150684931507,2
D1.jpg,tangram-64.jpg,0.02036529680365297,2
D1.jpg,tangram-67.jpg,0.013708920187793428,2
D1.jpg,tangram-71.jpg,0.013515981735159818,2
D1.jpg,tangram-74.jpg,0.0419047619047619,2
D1.jpg,tangram-8.jpg,0.1527272727272727,2
D1.jpg,tangram-81.jpg,0.02632034632034632,2
D1.jpg,tangram-87.jpg,0.1,2
D1.jpg,tangram-90.jpg,0.050769230769230775,2
D1.jpg,tangram-96.jpg,0.055,2
D1.jpg,tangram-99.jpg,0.019824561403508772,2
D1.jpg,V1.jpg,0.042727272727272725,2
D1.jpg,W1.jpg,0.013515981735159818,2
D1.jpg,Y1.jpg,0.1019047619047619,2
E1.jpg,B1.jpg,0.18280010937927263,2
E1.jpg,H1.jpg,0.08695652173913043,2
E1.jpg,J1.jpg,0.3675088131609871,2
E1.jpg,tangram-120.jpg,0.07469342251950947,2
E1.jpg,tangram-142.jpg,0.09142346634901727,2
E1.jpg,tangram-71.jpg,0.20815961882072662,2
E1.jpg,tangram-74.jpg,0.08633540372670807,2
E1.jpg,W1.jpg,0.3334325987691086,2
F1.jpg,A2.jpg,0.41032786885245903,2
F1.jpg,B1.jpg,0.22796164553046705,2
F1.jpg,C1.jpg,0.09846850733390855,2
F1.jpg,E1.jpg,0.3904727963886909,2
F1.jpg,H1.jpg,0.10715134236160609,2
F1.jpg,J1.jpg,0.24357554275587062,2
F1.jpg,K1.jpg,0.04459016393442623,2
F1.jpg,N1.jpg,0.5117605131860299,2
F1.jpg,O1.jpg,0.5367070563079116,2
F1.jpg,T1.jpg,0.4107054148037754,2
F1.jpg,tangram-103.jpg,0.25588025659301494,2
F1.jpg,tangram-106.jpg,0.31370023419203746,2
F1.jpg,tangram-108.jpg,0.37311049606131574,2
F1.jpg,tangram-119.jpg,0.4202446005724694,2
F1.jpg,tangram-120.jpg,0.13892391761244222,2
F1.jpg,tangram-142.jpg,0.12452279362227711,2
F1.jpg,tangram-146.jpg,0.40371321350977685,2
F1.jpg,tangram-155.jpg,0.09463487332339791,2
F1.jpg,tangram-164.jpg,0.1865532268105416,2
F1.jpg,tangram-168.jpg,0.3387978142076503,2
F1.jpg,tangram-171.jpg,0.20106075216972036,2
F1.jpg,tangram-178.jpg,0.2679113539769277,2
F1.jpg,tangram-187.jpg,0.2485498108448928,2
F1.jpg,tangram-30.jpg,0.43283242258652094,2
F1.jpg,tangram-4.jpg,0.15960837887067397,2
F1.jpg,tangram-48.jpg,0.2403530895334174,2
F1.jpg,tangram-53.jpg,0.2364275069193102,2
F1.jpg,tangram-6.jpg,0.05198742420839883,2
F1.jpg,tangram-64.jpg,0.3064226364248821,2
F1.jpg,tangram-67.jpg,0.5781574694066036,2
F1.jpg,tangram-71.jpg,0.10666966090276218,2
F1.jpg,tangram-74.jpg,0.1430913348946136,2
F1.jpg,tangram-8.jpg,0.103725782414307,2
F1.jpg,tangram-81.jpg,0.46976793698105174,2
F1.jpg,tangram-87.jpg,0.09431693989071038,2
F1.jpg,tangram-90.jpg,0.49205548549810846,2
F1.jpg,tangram-96.jpg,0.29212204007285975,2
F1.jpg,tangram-99.jpg,0.4335634167385677,2
F1.jpg,V1.jpg,0.4239940387481371,2
F1.jpg,W1.jpg,0.45149337525263866,2
G1.jpg,A1.jpg,0.06325891108499804,2
G1.jpg,A2.jpg,0.026756756756756758,2
G1.jpg,B1.jpg,0.20359510453850077,2
G1.jpg,C1.jpg,0.408072546230441,2
G1.jpg,D1.jpg,0.0872972972972973,2
G1.jpg,E1.jpg,0.08401880141010576,2
G1.jpg,F1.jpg,0.21809924678777137,2
G1.jpg,H1.jpg,0.40746180963572265,2
G1.jpg,I1.jpg,0.2246952835188129,2
G1.jpg,J1.jpg,0.22972972972972974,2
G1.jpg,K1.jpg,0.06702702702702704,2
G1.jpg,N1.jpg,0.021249510379945165,2
G1.jpg,O1.jpg,0,2
G1.jpg,R1.jpg,0.014003133568350961,2
G1.jpg,T1.jpg,0.13656838656838657,2
G1.jpg,tangram-103.jpg,0.014003133568350961,2
G1.jpg,tangram-106.jpg,0.020656370656370656,2
G1.jpg,tangram-108.jpg,0.08546858546858548,2
G1.jpg,tangram-119.jpg,0.06670956670956671,2
G1.jpg,tangram-120.jpg,0.3366250866250866,2
G1.jpg,tangram-142.jpg,0.29202147352832286,2
G1.jpg,tangram-143.jpg,0.4024907260201378,2
G1.jpg,tangram-146.jpg,0.025561706284597852,2
G1.jpg,tangram-155.jpg,0.36819936819936816,2
G1.jpg,tangram-164.jpg,0.40651727677044136,2
G1.jpg,tangram-168.jpg,0.029484029484029485,2
G1.jpg,tangram-171.jpg,0.08889772125066243,2
G1.jpg,tangram-178.jpg,0.05055055055055055,2
G1.jpg,tangram-183.jpg,0.20515080297688992,2
G1.jpg,tangram-187.jpg,0.191995841995842,2
G1.jpg,tangram-192.jpg,0.19455994455994455,2
G1.jpg,tangram-30.jpg,0.07526276276276277,2
G1.jpg,tangram-32.jpg,0.03453453453453453,2
G1.jpg,tangram-4.jpg,0.26539039039039036,2
G1.jpg,tangram-44.jpg,0.09788634788634788,2
G1.jpg,tangram-48.jpg,0,2
G1.jpg,tangram-53.jpg,0.026237276237276237,2
G1.jpg,tangram-6.jpg,0.1906701221769715,2
G1.jpg,tangram-64.jpg,0.17650870048130324,2
G1.jpg,tangram-67.jpg,0.013799010277883519,2
G1.jpg,tangram-71.jpg,0.12948907811921512,2
G1.jpg,tangram-74.jpg,0.37335907335907337,2
G1.jpg,tangram-8.jpg,0.015847665847665848,2
G1.jpg,tangram-81.jpg,0.03975078975078975,2
G1.jpg,tangram-87.jpg,0.5239639639639639,2
G1.jpg,tangram-9.jpg,0.033121356650768416,2
G1.jpg,tangram-90.jpg,0.044282744282744285,2
G1.jpg,tangram-96.jpg,0.06869369369369369,2
G1.jpg,tangram-99.jpg,0.03325035561877667,2
G1.jpg,V1.jpg,0.050573300573300575,2
G1.jpg,W1.jpg,0.013606071825249907,2
G1.jpg,Y1.jpg,0.35714285714285715,2
H1.jpg,J1.jpg,0.29935370152761454,2
H1.jpg,tangram-74.jpg,0.2662525879917184,2
H1.jpg,W1.jpg,0.09906690490371253,2
I1.jpg,A2.jpg,0.10901960784313725,2
I1.jpg,B1.jpg,0.12486126526082131,2
I1.jpg,C1.jpg,0.20678534571723425,2
I1.jpg,E1.jpg,0.06564364876385337,2
I1.jpg,F1.jpg,0.04580520732883317,2
I1.jpg,H1.jpg,0.5524296675191815,2
I1.jpg,J1.jpg,0.26020137784843667,2
I1.jpg,K1.jpg,0.5670588235294118,2
I1.jpg,N1.jpg,0.05115089514066496,2
I1.jpg,O1.jpg,0.08013640238704178,2
I1.jpg,T1.jpg,0.2976827094474153,2
I1.jpg,tangram-103.jpg,0.04390451832907076,2
I1.jpg,tangram-106.jpg,0.09187675070028012,2
I1.jpg,tangram-108.jpg,0.061879297173414824,2
I1.jpg,tangram-119.jpg,0.08870214752567693,2
I1.jpg,tangram-120.jpg,0.1677978883861237,2
I1.jpg,tangram-142.jpg,0.21447757185065808,2
I1.jpg,tangram-146.jpg,0.17339948027403734,2
I1.jpg,tangram-155.jpg,0.2245989304812834,2
I1.jpg,tangram-164.jpg,0.16865227103499628,2
I1.jpg,tangram-168.jpg,0.059714795008912656,2
I1.jpg,tangram-171.jpg,0.19607843137254902,2
I1.jpg,tangram-178.jpg,0.10403050108932461,2
I1.jpg,tangram-187.jpg,0.04268476621417798,2
I1.jpg,tangram-30.jpg,0.07679738562091504,2
I1.jpg,tangram-4.jpg,0.14215686274509803,2
I1.jpg,tangram-48.jpg,0.04268476621417798,2
I1.jpg,tangram-53.jpg,0.07817672523554876,2
I1.jpg,tangram-6.jpg,0.3643567015847435,2
I1.jpg,tangram-64.jpg,0.03720118184260005,2
I1.jpg,tangram-67.jpg,0.043496271748135876,2
I1.jpg,tangram-71.jpg,0.11751275852806875,2
I1.jpg,tangram-74.jpg,0.18291316526610646,2
I1.jpg,tangram-8.jpg,0.055971479500891264,2
I1.jpg,tangram-81.jpg,0.08798064680417622,2
I1.jpg,tangram-87.jpg,0.19529411764705884,2
I1.jpg,tangram-90.jpg,0.07767722473604827,2
I1.jpg,tangram-96.jpg,0.054330065359477125,2
I1.jpg,tangram-99.jpg,0.09171826625386997,2
I1.jpg,V1.jpg,0.05213903743315508,2
I1.jpg,W1.jpg,0.1087832393231265,2
I1.jpg,Y1.jpg,0.16330532212885154,2
J1.jpg,tangram-74.jpg,0.13706563706563707,2
K1.jpg,B1.jpg,0.2582389937106918,2
K1.jpg,E1.jpg,0.12753623188405797,2
K1.jpg,H1.jpg,0.25275362318840583,2
K1.jpg,J1.jpg,0.20747747747747747,2
K1.jpg,N1.jpg,0.10289855072463769,2
K1.jpg,tangram-120.jpg,0.1441025641025641,2
K1.jpg,tangram-142.jpg,0.13570776255707762,2
K1.jpg,tangram-71.jpg,0.20904109589041098,2
K1.jpg,tangram-74.jpg,0.19428571428571428,2
K1.jpg,W1.jpg,0.07424657534246576,2
L1.jpg,A1.jpg,0.4343460799720622,2
L1.jpg,A2.jpg,0.2986746987951807,2
L1.jpg,B1.jpg,0.20459195271652647,2
L1.jpg,C1.jpg,0.15670577045022194,2
L1.jpg,D1.jpg,0.10755020080321286,2
L1.jpg,E1.jpg,0.43076654443862405,2
L1.jpg,F1.jpg,0.3757653565079992,2
L1.jpg,G1.jpg,0.11266688375122111,2
L1.jpg,H1.jpg,0.10013968919154881,2
L1.jpg,I1.jpg,0.11528466808410112,2
L1.jpg,J1.jpg,0.3038098339303159,2
L1.jpg,K1.jpg,0.2217670682730924,2
L1.jpg,N1.jpg,0.5575344857691636,2
L1.jpg,O1.jpg,0.5417321459752051,2
L1.jpg,R1.jpg,0.4718002444560852,2
L1.jpg,T1.jpg,0.31708652792990144,2
L1.jpg,tangram-103.jpg,0.16535708049589662,2
L1.jpg,tangram-106.jpg,0.26936316695352835,2
L1.jpg,tangram-108.jpg,0.0820685338757628,2
L1.jpg,tangram-119.jpg,0.4571619812583668,2
L1.jpg,tangram-120.jpg,0.0369168983626815,2
L1.jpg,tangram-142.jpg,0.07724046872421192,2
L1.jpg,tangram-143.jpg,0.015828017954169618,2
L1.jpg,tangram-146.jpg,0.3132530120481928,2
L1.jpg,tangram-155.jpg,0.10569550930996714,2
L1.jpg,tangram-164.jpg,0.25522342534695747,2
L1.jpg,tangram-168.jpg,0.4715224534501643,2
L1.jpg,tangram-171.jpg,0.16583982990786678,2
L1.jpg,tangram-178.jpg,0.3562025881302989,2
L1.jpg,tangram-183.jpg,0.34756416972236776,2
L1.jpg,tangram-187.jpg,0.5202038924930491,2
L1.jpg,tangram-192.jpg,0.36700648748841525,2
L1.jpg,tangram-30.jpg,0.47197121820615795,2
L1.jpg,tangram-32.jpg,0.6294065149486836,2
L1.jpg,tangram-4.jpg,0.22046519410977242,2
L1.jpg,tangram-44.jpg,0.13152610441767068,2
L1.jpg,tangram-48.jpg,0.5757182576459685,2
L1.jpg,tangram-53.jpg,0.32921295571897985,2
L1.jpg,tangram-6.jpg,0.14160752599438853,2
L1.jpg,tangram-64.jpg,0.22594487539197888,2
L1.jpg,tangram-67.jpg,0.5740709316137791,2
L1.jpg,tangram-71.jpg,0.12105958078890906,2
L1.jpg,tangram-74.jpg,0.07185886402753872,2
L1.jpg,tangram-8.jpg,0.20569550930996713,2
L1.jpg,tangram-81.jpg,0.47613831951181346,2
L1.jpg,tangram-87.jpg,0.13614457831325302,2
L1.jpg,tangram-9.jpg,0.2328136073706591,2
L1.jpg,tangram-90.jpg,0.4278962001853568,2
L1.jpg,tangram-96.jpg,0.20615796519410978,2
L1.jpg,tangram-99.jpg,0.3649334178820545,2
L1.jpg,V1.jpg,0.4215954728002921,2
L1.jpg,W1.jpg,0.3725037134840733,2
L1.jpg,Y1.jpg,0.07185886402753872,2
M1.jpg,A1.jpg,0.11322463768115942,2
M1.jpg,A2.jpg,0.178125,2
M1.jpg,B1.jpg,0.23231132075471697,2
M1.jpg,C1.jpg,0.23108552631578946,2
M1.jpg,D1.jpg,0.07239583333333333,2
M1.jpg,E1.jpg,0.13383152173913043,2
M1.jpg,F1.jpg,0.1835297131147541,2
M1.jpg,G1.jpg,0.23564189189189189,2
M1.jpg,H1.jpg,0.23924365942028986,2
M1.jpg,I1.jpg,0.13893995098039216,2
M1.jpg,J1.jpg,0.17060810810810811,2
M1.jpg,K1.jpg,0.13583333333333333,2
M1.jpg,L1.jpg,0.09083207831325302,2
M1.jpg,N1.jpg,0.05298913043478261,2
M1.jpg,O1.jpg,0.09703351449275363,2
M1.jpg,R1.jpg,0.030683876811594204,2
M1.jpg,T1.jpg,0.19223484848484848,2
M1.jpg,tangram-103.jpg,0.3513360507246377,2
M1.jpg,tangram-106.jpg,0.16383928571428572,2
M1.jpg,tangram-108.jpg,0.15604707792207792,2
M1.jpg,tangram-111.jpg,0.2415625,2
M1.jpg,tangram-114.jpg,0.15830592105263158,2
M1.jpg,tangram-119.jpg,0.1970486111111111,2
M1.jpg,tangram-120.jpg,0.19491185897435898,2
M1.jpg,tangram-126.jpg,0.1961570945945946,2
M1.jpg,tangram-140.jpg,0.12876157407407407,2
M1.jpg,tangram-142.jpg,0.2874571917808219,2
M1.jpg,tangram-143.jpg,0.0508578431372549,2
M1.jpg,tangram-146.jpg,0.24011671686746988,2
M1.jpg,tangram-150.jpg,0.13826308139534882,2
M1.jpg,tangram-155.jpg,0.16649756493506496,2
M1.jpg,tangram-164.jpg,0.08969541139240506,2
M1.jpg,tangram-168.jpg,0.12239583333333334,2
M1.jpg,tangram-171.jpg,0.14292279411764705,2
M1.jpg,tangram-178.jpg,0.13512731481481483,2
M1.jpg,tangram-179.jpg,0.21138392857142857,2
M1.jpg,tangram-183.jpg,0.21354166666666666,2
M1.jpg,tangram-187.jpg,0.09266826923076923,2
M1.jpg,tangram-192.jpg,0.14443108974358976,2
M1.jpg,tangram-30.jpg,0.3246527777777778,2
M1.jpg,tangram-32.jpg,0.11313657407407407,2
M1.jpg,tangram-4.jpg,0.16927083333333331,2
M1.jpg,tangram-44.jpg,0.18068910256410256,2
M1.jpg,tangram-48.jpg,0.023197115384615385,2
M1.jpg,tangram-53.jpg,0.18587662337662336,2
M1.jpg,tangram-55.jpg,0.04423701298701299,2
M1.jpg,tangram-6.jpg,0.1974529109589041,2
M1.jpg,tangram-64.jpg,0.23951198630136986,2
M1.jpg,tangram-67.jpg,0.03047975352112676,2
M1.jpg,tangram-71.jpg,0.24336472602739725,2
M1.jpg,tangram-74.jpg,0.36473214285714284,2
M1.jpg,tangram-8.jpg,0.13124999999999998,2
M1.jpg,tangram-81.jpg,0.08715503246753248,2
M1.jpg,tangram-87.jpg,0.28385416666666663,2
M1.jpg,tangram-9.jpg,0.15471813725490197,2
M1.jpg,tangram-90.jpg,0.11610576923076923,2
M1.jpg,tangram-96.jpg,0.11631944444444445,2
M1.jpg,tangram-99.jpg,0.2109375,2
M1.jpg,V1.jpg,0.08428030303030304,2
M1.jpg,W1.jpg,0.21607448630136986,2
M1.jpg,Y1.jpg,0.24107142857142858,2
N1.jpg,B1.jpg,0.2979217938200711,2
N1.jpg,E1.jpg,0.41304347826086957,2
N1.jpg,H1.jpg,0.057971014492753624,2
N1.jpg,J1.jpg,0.3207011359185272,2
N1.jpg,tangram-120.jpg,0.027313266443701224,2
N1.jpg,tangram-142.jpg,0.07008139765733572,2
N1.jpg,tangram-71.jpg,0.07772483621203097,2
N1.jpg,tangram-74.jpg,0.050310559006211175,2
N1.jpg,W1.jpg,0.43448481238832637,2
O1.jpg,A2.jpg,0.4428985507246377,2
O1.jpg,B1.jpg,0.2574514629477714,2
O1.jpg,C1.jpg,0.14225781845919144,2
O1.jpg,E1.jpg,0.4492753623188406,2
O1.jpg,H1.jpg,0.043478260869565216,2
O1.jpg,J1.jpg,0.34576968272620445,2
O1.jpg,K1.jpg,0.08405797101449275,2
O1.jpg,N1.jpg,0.5434782608695652,2
O1.jpg,T1.jpg,0.3820816864295125,2
O1.jpg,tangram-103.jpg,0.2246376811594203,2
O1.jpg,tangram-106.jpg,0.3531055900621118,2
O1.jpg,tangram-108.jpg,0.21757952192734803,2
O1.jpg,tangram-119.jpg,0.5779848171152518,2
O1.jpg,tangram-120.jpg,0.06995540691192866,2
O1.jpg,tangram-142.jpg,0.07772483621203097,2
O1.jpg,tangram-146.jpg,0.5224375763925266,2
O1.jpg,tangram-155.jpg,0.09269715791454923,2
O1.jpg,tangram-164.jpg,0.1800587048248028,2
O1.jpg,tangram-168.jpg,0.488471673254282,2
O1.jpg,tangram-171.jpg,0.27621483375959077,2
O1.jpg,tangram-178.jpg,0.3357487922705314,2
O1.jpg,tangram-187.jpg,0.567670011148272,2
O1.jpg,tangram-30.jpg,0.5467995169082125,2
O1.jpg,tangram-4.jpg,0.1998792270531401,2
O1.jpg,tangram-48.jpg,0.592530657748049,2
O1.jpg,tangram-6.jpg,0.10551915822910463,2
O1.jpg,tangram-67.jpg,0.5978771177791387,2
O1.jpg,tangram-71.jpg,0.1783799880881477,2
O1.jpg,tangram-74.jpg,0.07919254658385093,2
O1.jpg,tangram-8.jpg,0.1994729907773386,2
O1.jpg,tangram-81.jpg,0.5705815923207227,2
O1.jpg,tangram-87.jpg,0.04898550724637681,2
O1.jpg,tangram-90.jpg,0.5785953177257526,2
O1.jpg,tangram-99.jpg,0.5595919145690313,2
O1.jpg,V1.jpg,0.4515810276679842,2
O1.jpg,W1.jpg,0.4804447091522732,2
P1.jpg,A1.jpg,0.456231884057971,2
P1.jpg,A2.jpg,0.3433333333333334,2
P1.jpg,B1.jpg,0.5379874213836477,2
P1.jpg,C1.jpg,0.07956140350877193,2
P1.jpg,D1.jpg,0.02,2
P1.jpg,E1.jpg,0.3272463768115942,2
P1.jpg,F1.jpg,0.3551912568306011,2
P1.jpg,G1.jpg,0.12054054054054054,2
P1.jpg,H1.jpg,0.20869565217391306,2
P1.jpg,I1.jpg,0.23411764705882354,2
P1.jpg,J1.jpg,0.1744144144144144,2
P1.jpg,K1.jpg,0.21333333333333335,2
P1.jpg,L1.jpg,0.27469879518072293,2
P1.jpg,M1.jpg,0.17145833333333332,2
P1.jpg,N1.jpg,0.36985507246376814,2
P1.jpg,O1.jpg,0.4408695652173913,2
P1.jpg,R1.jpg,0.4330434782608696,2
P1.jpg,T1.jpg,0.45212121212121215,2
P1.jpg,tangram-103.jpg,0.23536231884057973,2
P1.jpg,tangram-106.jpg,0.41333333333333333,2
P1.jpg,tangram-108.jpg,0.27636363636363637,2
P1.jpg,tangram-111.jpg,0.3466666666666667,2
P1.jpg,tangram-114.jpg,0.2785087719298246,2
P1.jpg,tangram-119.jpg,0.43047619047619046,2
P1.jpg,tangram-120.jpg,0.2702564102564103,2
P1.jpg,tangram-126.jpg,0.5031531531531531,2
P1.jpg,tangram-140.jpg,0.3637037037037037,2
P1.jpg,tangram-142.jpg,0.2160730593607306,2
P1.jpg,tangram-143.jpg,0.01647058823529412,2
P1.jpg,tangram-146.jpg,0.43084337349397595,2
P1.jpg,tangram-150.jpg,0.3486046511627907,2
P1.jpg,tangram-155.jpg,0.19826839826839826,2
P1.jpg,tangram-164.jpg,0.06497890295358649,2
P1.jpg,tangram-168.jpg,0.2096969696969697,2
P1.jpg,tangram-171.jpg,0.5337254901960784,2
P1.jpg,tangram-178.jpg,0.3837037037037037,2
P1.jpg,tangram-179.jpg,0.13666666666666666,2
P1.jpg,tangram-183.jpg,0.11072463768115942,2
P1.jpg,tangram-187.jpg,0.24461538461538462,2
P1.jpg,tangram-192.jpg,0.3992307692307693,2
P1.jpg,tangram-30.jpg,0.44916666666666666,2
P1.jpg,tangram-32.jpg,0.4777777777777778,2
P1.jpg,tangram-4.jpg,0.10805555555555556,2
P1.jpg,tangram-44.jpg,0.4894871794871795,2
P1.jpg,tangram-48.jpg,0.25333333333333335,2
P1.jpg,tangram-53.jpg,0.3163636363636364,2
P1.jpg,tangram-55.jpg,0.4127272727272727,2
P1.jpg,tangram-6.jpg,0.23643835616438358,2
P1.jpg,tangram-64.jpg,0.3101369863013699,2
P1.jpg,tangram-67.jpg,0.4483568075117371,2
P1.jpg,tangram-71.jpg,0.33643835616438356,2
P1.jpg,tangram-74.jpg,0.22095238095238096,2
P1.jpg,tangram-8.jpg,0.09454545454545454,2
P1.jpg,tangram-81.jpg,0.42692640692640693,2
P1.jpg,tangram-87.jpg,0.2,2
P1.jpg,tangram-9.jpg,0.27137254901960783,2
P1.jpg,tangram-90.jpg,0.37333333333333335,2
P1.jpg,tangram-96.jpg,0.43472222222222223,2
P1.jpg,tangram-99.jpg,0.39710526315789474,2
P1.jpg,V1.jpg,0.34363636363636363,2
P1.jpg,W1.jpg,0.31251141552511413,2
P1.jpg,Y1.jpg,0.25857142857142856,2
R1.jpg,A1.jpg,0.39855072463768115,2
R1.jpg,A2.jpg,0.3273913043478261,2
R1.jpg,B1.jpg,0.36833470057424117,2
R1.jpg,C1.jpg,0.09610983981693363,2
R1.jpg,D1.jpg,0.01391304347826087,2
R1.jpg,E1.jpg,0.3913043478260869,2
R1.jpg,F1.jpg,0.4556901876930387,2
R1.jpg,H1.jpg,0.07246376811594203,2
R1.jpg,I1.jpg,0.07800511508951406,2
R1.jpg,J1.jpg,0.32696827262044653,2
R1.jpg,K1.jpg,0.16956521739130434,2
R1.jpg,N1.jpg,0.7463768115942029,2
R1.jpg,O1.jpg,0.49275362318840576,2
R1.jpg,T1.jpg,0.3675889328063241,2
R1.jpg,tangram-103.jpg,0.043478260869565216,2
R1.jpg,tangram-106.jpg,0.09337474120082816,2
R1.jpg,tangram-108.jpg,0.07368718238283456,2
R1.jpg,tangram-119.jpg,0.4261559696342305,2
R1.jpg,tangram-120.jpg,0.04096989966555184,2
R1.jpg,tangram-142.jpg,0.06283502084574151,2
R1.jpg,tangram-146.jpg,0.3307141609917933,2
R1.jpg,tangram-155.jpg,0.04121964991530209,2
R1.jpg,tangram-164.jpg,0.06787745367822418,2
R1.jpg,tangram-168.jpg,0.3300395256916996,2
R1.jpg,tangram-171.jpg,0.28388746803069054,2
R1.jpg,tangram-178.jpg,0.4388083735909823,2
R1.jpg,tangram-183.jpg,0.07971014492753623,2
R1.jpg,tangram-187.jpg,0.24860646599777034,2
R1.jpg,tangram-192.jpg,0.3536789297658863,2
R1.jpg,tangram-30.jpg,0.3016304347826087,2
R1.jpg,tangram-4.jpg,0.035326086956521736,2
R1.jpg,tangram-44.jpg,0.20206243032329987,2
R1.jpg,tangram-48.jpg,0.3020066889632107,2
R1.jpg,tangram-53.jpg,0.10841332580463016,2
R1.jpg,tangram-6.jpg,0.09747865793130832,2
R1.jpg,tangram-64.jpg,0.28548739328965655,2
R1.jpg,tangram-67.jpg,0.6492141253317003,2
R1.jpg,tangram-71.jpg,0.09182052809211833,2
R1.jpg,tangram-74.jpg,0.05745341614906832,2
R1.jpg,tangram-8.jpg,0.09262187088274045,2
R1.jpg,tangram-81.jpg,0.4736495388669302,2
R1.jpg,tangram-87.jpg,0.04173913043478261,2
R1.jpg,tangram-9.jpg,0.3473998294970162,2
R1.jpg,tangram-90.jpg,0.4672240802675585,2
R1.jpg,tangram-96.jpg,0.3559782608695652,2
R1.jpg,tangram-99.jpg,0.42467581998474446,2
R1.jpg,V1.jpg,0.44960474308300397,2
R1.jpg,W1.jpg,0.3350208457415128,2
R1.jpg,Y1.jpg,0.02877846790890269,2
T1.jpg,A2.jpg,0.26121212121212123,2
T1.jpg,B1.jpg,0.25514579759862777,2
T1.jpg,E1.jpg,0.3241106719367589,2
T1.jpg,H1.jpg,0.3909749670619236,2
T1.jpg,J1.jpg,0.4250614250614251,2
T1.jpg,K1.jpg,0.17848484848484847,2
T1.jpg,N1.jpg,0.38109354413702246,2
T1.jpg,tangram-103.jpg,0.19927536231884058,2
T1.jpg,tangram-106.jpg,0.3216450216450216,2
T1.jpg,tangram-119.jpg,0.3178210678210678,2
T1.jpg,tangram-120.jpg,0.1386946386946387,2
T1.jpg,tangram-142.jpg,0.17777085927770858,2
T1.jpg,tangram-155.jpg,0.2619047619047619,2
T1.jpg,tangram-164.jpg,0.07710011507479862,2
T1.jpg,tangram-171.jpg,0.3850267379679144,2
T1.jpg,tangram-48.jpg,0.22132867132867134,2
T1.jpg,tangram-6.jpg,0.2704441677044417,2
T1.jpg,tangram-67.jpg,0.4532650448143406,2
T1.jpg,tangram-71.jpg,0.2163760896637609,2
T1.jpg,tangram-74.jpg,0.2119047619047619,2
T1.jpg,tangram-8.jpg,0.08484848484848484,2
T1.jpg,tangram-81.jpg,0.3841991341991342,2
T1.jpg,tangram-90.jpg,0.37447552447552446,2
T1.jpg,V1.jpg,0.3560606060606061,2
T1.jpg,W1.jpg,0.48682025736820256,2
tangram-103.jpg,B1.jpg,0.12551271534044298,2
tangram-103.jpg,E1.jpg,0.07246376811594203,2
tangram-103.jpg,H1.jpg,0.028985507246376812,2
tangram-103.jpg,J1.jpg,0.028006267136701922,2
tangram-103.jpg,K1.jpg,0.04840579710144928,2
tangram-103.jpg,N1.jpg,0.036231884057971016,2
tangram-103.jpg,tangram-106.jpg,0.2663561076604555,2
tangram-103.jpg,tangram-119.jpg,0.30089717046238784,2
tangram-103.jpg,tangram-120.jpg,0.1020066889632107,2
tangram-103.jpg,tangram-142.jpg,0.09102640460591621,2
tangram-103.jpg,tangram-155.jpg,0.1411631846414455,2
tangram-103.jpg,tangram-171.jpg,0.20801364023870417,2
tangram-103.jpg,tangram-48.jpg,0.14715719063545152,2
tangram-103.jpg,tangram-6.jpg,0.04189001389716101,2
tangram-103.jpg,tangram-67.jpg,0.06440089814247806,2
tangram-103.jpg,tangram-71.jpg,0.10631328171530673,2
tangram-103.jpg,tangram-74.jpg,0.165527950310559,2
tangram-103.jpg,tangram-8.jpg,0.15059288537549406,2
tangram-103.jpg,tangram-81.jpg,0.1469038208168643,2
tangram-103.jpg,tangram-90.jpg,0.20011148272017837,2
tangram-103.jpg,V1.jpg,0.2364953886693017,2
tangram-103.jpg,W1.jpg,0.317351598173516,2
tangram-106.jpg,B1.jpg,0.19865229110512128,2
tangram-106.jpg,E1.jpg,0.19492753623188405,2
tangram-106.jpg,H1.jpg,0.10093167701863354,2
tangram-106.jpg,J1.jpg,0.14054054054054055,2
tangram-106.jpg,K1.jpg,0.1361904761904762,2
tangram-106.jpg,N1.jpg,0.035921325051759836,2
tangram-106.jpg,tangram-120.jpg,0.1076923076923077,2
tangram-106.jpg,tangram-142.jpg,0.13816046966731899,2
tangram-106.jpg,tangram-155.jpg,0.11103896103896105,2
tangram-106.jpg,tangram-171.jpg,0.34859943977591035,2
tangram-106.jpg,tangram-48.jpg,0.24285714285714285,2
tangram-106.jpg,tangram-67.jpg,0.14909456740442656,2
tangram-106.jpg,tangram-71.jpg,0.20215264187866927,2
tangram-106.jpg,tangram-74.jpg,0.15714285714285714,2
tangram-106.jpg,W1.jpg,0.37123287671232874,2
tangram-108.jpg,A2.jpg,0.26441558441558444,2
tangram-108.jpg,B1.jpg,0.21416319529527075,2
tangram-108.jpg,C1.jpg,0,2
tangram-108.jpg,E1.jpg,0.10916619612271787,2
tangram-108.jpg,H1.jpg,0.06794654620741578,2
tangram-108.jpg,J1.jpg,0.05923130923130923,2
tangram-108.jpg,K1.jpg,0.058961038961038964,2
tangram-108.jpg,N1.jpg,0.04046677959721438,2
tangram-108.jpg,T1.jpg,0.29004329004329005,2
tangram-108.jpg,tangram-103.jpg,0.20910973084886128,2
tangram-108.jpg,tangram-106.jpg,0.2435064935064935,2
tangram-108.jpg,tangram-119.jpg,0.21645021645021645,2
tangram-108.jpg,tangram-120.jpg,0.02589077589077589,2
tangram-108.jpg,tangram-142.jpg,0.15833481586906245,2
tangram-108.jpg,tangram-146.jpg,0.33656704741042087,2
tangram-108.jpg,tangram-155.jpg,0.06493506493506493,2
tangram-108.jpg,tangram-164.jpg,0.057783988163735006,2
tangram-108.jpg,tangram-168.jpg,0.17099567099567098,2
tangram-108.jpg,tangram-171.jpg,0.2773109243697479,2
tangram-108.jpg,tangram-178.jpg,0.13900913900913903,2
tangram-108.jpg,tangram-30.jpg,0.29274891774891776,2
tangram-108.jpg,tangram-4.jpg,0.09316378066378067,2
tangram-108.jpg,tangram-48.jpg,0.09040959040959042,2
tangram-108.jpg,tangram-6.jpg,0.04652197117950543,2
tangram-108.jpg,tangram-67.jpg,0.07307481251143223,2
tangram-108.jpg,tangram-71.jpg,0.0926881337840242,2
tangram-108.jpg,tangram-74.jpg,0.08831168831168831,2
tangram-108.jpg,tangram-8.jpg,0.1012987012987013,2
tangram-108.jpg,tangram-81.jpg,0.18181818181818182,2
tangram-108.jpg,tangram-87.jpg,0.07194805194805196,2
tangram-108.jpg,tangram-90.jpg,0.16903096903096904,2
tangram-108.jpg,tangram-99.jpg,0.30792891319207105,2
tangram-108.jpg,V1.jpg,0.19047619047619047,2
tangram-108.jpg,W1.jpg,0.2891834193204056,2
tangram-111.jpg,A1.jpg,0.38579710144927537,2
tangram-111.jpg,A2.jpg,0.3766666666666667,2
tangram-111.jpg,B1.jpg,0.22817610062893082,2
tangram-111.jpg,C1.jpg,0.23798245614035088,2
tangram-111.jpg,D1.jpg,0.11333333333333334,2
tangram-111.jpg,E1.jpg,0.3779710144927536,2
tangram-111.jpg,F1.jpg,0.4346448087431694,2
tangram-111.jpg,G1.jpg,0.07369369369369369,2
tangram-111.jpg,H1.jpg,0.09072463768115943,2
tangram-111.jpg,I1.jpg,0.10235294117647059,2
tangram-111.jpg,J1.jpg,0.30891891891891893,2
tangram-111.jpg,K1.jpg,0.21333333333333332,2
tangram-111.jpg,L1.jpg,0.4134136546184739,2
tangram-111.jpg,N1.jpg,0.5089855072463768,2
tangram-111.jpg,O1.jpg,0.5310144927536232,2
tangram-111.jpg,R1.jpg,0.4776811594202899,2
tangram-111.jpg,T1.jpg,0.38181818181818183,2
tangram-111.jpg,tangram-103.jpg,0.2571014492753623,2
tangram-111.jpg,tangram-106.jpg,0.3595238095238096,2
tangram-111.jpg,tangram-108.jpg,0.23090909090909092,2
tangram-111.jpg,tangram-119.jpg,0.5273015873015874,2
tangram-111.jpg,tangram-120.jpg,0.07871794871794871,2
tangram-111.jpg,tangram-126.jpg,0.3297297297297297,2
tangram-111.jpg,tangram-140.jpg,0.2711111111111111,2
tangram-111.jpg,tangram-142.jpg,0.06054794520547945,2
tangram-111.jpg,tangram-143.jpg,0.01647058823529412,2
tangram-111.jpg,tangram-146.jpg,0.4207228915662651,2
tangram-111.jpg,tangram-150.jpg,0.44248062015503875,2
tangram-111.jpg,tangram-155.jpg,0.15212121212121213,2
tangram-111.jpg,tangram-164.jpg,0.1639662447257384,2
tangram-111.jpg,tangram-168.jpg,0.32393939393939397,2
tangram-111.jpg,tangram-171.jpg,0.26941176470588235,2
tangram-111.jpg,tangram-178.jpg,0.36,2
tangram-111.jpg,tangram-179.jpg,0.19047619047619047,2
tangram-111.jpg,tangram-183.jpg,0.3889855072463768,2
tangram-111.jpg,tangram-187.jpg,0.25230769230769234,2
tangram-111.jpg,tangram-192.jpg,0.3464102564102564,2
tangram-111.jpg,tangram-30.jpg,0.4766666666666667,2
tangram-111.jpg,tangram-32.jpg,0.48444444444444446,2
tangram-111.jpg,tangram-4.jpg,0.16944444444444445,2
tangram-111.jpg,tangram-44.jpg,0.29333333333333333,2
tangram-111.jpg,tangram-48.jpg,0.24564102564102566,2
tangram-111.jpg,tangram-53.jpg,0.336017316017316,2
tangram-111.jpg,tangram-55.jpg,0.5304761904761905,2
tangram-111.jpg,tangram-6.jpg,0.14182648401826484,2
tangram-111.jpg,tangram-64.jpg,0.3178995433789954,2
tangram-111.jpg,tangram-67.jpg,0.47098591549295776,2
tangram-111.jpg,tangram-71.jpg,0.18794520547945207,2
tangram-111.jpg,tangram-74.jpg,0.10285714285714286,2
tangram-111.jpg,tangram-8.jpg,0.316969696969697,2
tangram-111.jpg,tangram-81.jpg,0.4600865800865801,2
tangram-111.jpg,tangram-87.jpg,0.18666666666666668,2
tangram-111.jpg,tangram-9.jpg,0.28,2
tangram-111.jpg,tangram-90.jpg,0.42205128205128206,2
tangram-111.jpg,tangram-96.jpg,0.20611111111111113,2
tangram-111.jpg,tangram-99.jpg,0.5097368421052632,2
tangram-111.jpg,V1.jpg,0.37303030303030305,2
tangram-111.jpg,W1.jpg,0.405662100456621,2
tangram-111.jpg,Y1.jpg,0.027142857142857142,2
tangram-114.jpg,A1.jpg,0.2705949656750572,2
tangram-114.jpg,A2.jpg,0.3018421052631579,2
tangram-114.jpg,B1.jpg,0.22703574975173782,2
tangram-114.jpg,C1.jpg,0.11184210526315788,2
tangram-114.jpg,D1.jpg,0.08614035087719299,2
tangram-114.jpg,E1.jpg,0.23569794050343248,2
tangram-114.jpg,F1.jpg,0.2020060396893874,2
tangram-114.jpg,G1.jpg,0.06650071123755334,2
tangram-114.jpg,H1.jpg,0.13234172387490464,2
tangram-114.jpg,I1.jpg,0.11468008255933954,2
tangram-114.jpg,J1.jpg,0.10668563300142248,2
tangram-114.jpg,K1.jpg,0.21228070175438596,2
tangram-114.jpg,L1.jpg,0.2180564362714014,2
tangram-114.jpg,N1.jpg,0.11060259344012205,2
tangram-114.jpg,O1.jpg,0.2850877192982456,2
tangram-114.jpg,R1.jpg,0.13558352402745993,2
tangram-114.jpg,T1.jpg,0.24820574162679424,2
tangram-114.jpg,tangram-103.jpg,0.25019069412662087,2
tangram-114.jpg,tangram-106.jpg,0.2201127819548872,2
tangram-114.jpg,tangram-108.jpg,0.2418831168831169,2
tangram-114.jpg,tangram-111.jpg,0.35122807017543856,2
tangram-114.jpg,tangram-119.jpg,0.3628863826232247,2
tangram-114.jpg,tangram-120.jpg,0.13039811066126855,2
tangram-114.jpg,tangram-126.jpg,0.28787339971550496,2
tangram-114.jpg,tangram-140.jpg,0.2492690058479532,2
tangram-114.jpg,tangram-142.jpg,0.10084715212689258,2
tangram-114.jpg,tangram-143.jpg,0.08191434468524252,2
tangram-114.jpg,tangram-146.jpg,0.2876506024096386,2
tangram-114.jpg,tangram-150.jpg,0.30523255813953487,2
tangram-114.jpg,tangram-155.jpg,0.13080997949419004,2
tangram-114.jpg,tangram-164.jpg,0.21718854097268486,2
tangram-114.jpg,tangram-168.jpg,0.25618022328548645,2
tangram-114.jpg,tangram-171.jpg,0.33384932920536636,2
tangram-114.jpg,tangram-178.jpg,0.2414717348927875,2
tangram-114.jpg,tangram-179.jpg,0.12406015037593984,2
tangram-114.jpg,tangram-183.jpg,0.3180778032036613,2
tangram-114.jpg,tangram-187.jpg,0.39868421052631586,2
tangram-114.jpg,tangram-192.jpg,0.18168016194331982,2
tangram-114.jpg,tangram-30.jpg,0.3611111111111111,2
tangram-114.jpg,tangram-32.jpg,0.2824074074074074,2
tangram-114.jpg,tangram-4.jpg,0.20285087719298245,2
tangram-114.jpg,tangram-44.jpg,0.3559379217273954,2
tangram-114.jpg,tangram-48.jpg,0.38441295546558707,2
tangram-114.jpg,tangram-53.jpg,0.31971975393028024,2
tangram-114.jpg,tangram-55.jpg,0.1375598086124402,2
tangram-114.jpg,tangram-6.jpg,0.15510093727469357,2
tangram-114.jpg,tangram-64.jpg,0.2354001441961067,2
tangram-114.jpg,tangram-67.jpg,0.10711638250555967,2
tangram-114.jpg,tangram-71.jpg,0.13320115356885365,2
tangram-114.jpg,tangram-74.jpg,0.08233082706766917,2
tangram-114.jpg,tangram-8.jpg,0.1485645933014354,2
tangram-114.jpg,tangram-81.jpg,0.24196855775803144,2
tangram-114.jpg,tangram-87.jpg,0.09236842105263159,2
tangram-114.jpg,tangram-9.jpg,0.19014447884416924,2
tangram-114.jpg,tangram-90.jpg,0.22611336032388663,2
tangram-114.jpg,tangram-96.jpg,0.27266081871345027,2
tangram-114.jpg,tangram-99.jpg,0.3157894736842105,2
tangram-114.jpg,V1.jpg,0.22547846889952153,2
tangram-114.jpg,W1.jpg,0.21620403749098774,2
tangram-114.jpg,Y1.jpg,0.08721804511278194,2
tangram-119.jpg,B1.jpg,0.2635519616651692,2
tangram-119.jpg,E1.jpg,0.4492753623188406,2
tangram-119.jpg,H1.jpg,0.07522429261559696,2
tangram-119.jpg,J1.jpg,0.2486057486057486,2
tangram-119.jpg,K1.jpg,0.23396825396825396,2
tangram-119.jpg,N1.jpg,0.4082125603864734,2
tangram-119.jpg,tangram-106.jpg,0.2849206349206349,2
tangram-119.jpg,tangram-120.jpg,0.09401709401709402,2
tangram-119.jpg,tangram-142.jpg,0.11611219830397912,2
tangram-119.jpg,tangram-155.jpg,0.11038961038961038,2
tangram-119.jpg,tangram-171.jpg,0.33613445378151263,2
tangram-119.jpg,tangram-48.jpg,0.46544566544566546,2
tangram-119.jpg,tangram-67.jpg,0.44567404426559354,2
tangram-119.jpg,tangram-71.jpg,0.18754076973255054,2
tangram-119.jpg,tangram-74.jpg,0.1880952380952381,2
tangram-119.jpg,tangram-8.jpg,0.24978354978354977,2
tangram-119.jpg,V1.jpg,0.417027417027417,2
tangram-119.jpg,W1.jpg,0.3937812567949554,2
tangram-120.jpg,B1.jpg,0.2753991291727141,2
tangram-120.jpg,H1.jpg,0.2706243032329989,2
tangram-120.jpg,J1.jpg,0.04625779625779626,2
tangram-120.jpg,tangram-74.jpg,0.3302197802197802,2
tangram-120.jpg,W1.jpg,0.01325957147874956,2
tangram-126.jpg,A1.jpg,0.47561692126909516,2
tangram-126.jpg,A2.jpg,0.43,2
tangram-126.jpg,B1.jpg,0.3954614992350841,2
tangram-126.jpg,C1.jpg,0.03325035561877667,2
tangram-126.jpg,D1.jpg,0.04711711711711712,2
tangram-126.jpg,E1.jpg,0.26840971406188796,2
tangram-126.jpg,F1.jpg,0.44672131147540983,2
tangram-126.jpg,G1.jpg,0.08783783783783784,2
tangram-126.jpg,H1.jpg,0.16901684292988642,2
tangram-126.jpg,I1.jpg,0.07975622681505035,2
tangram-126.jpg,J1.jpg,0.11486486486486487,2
tangram-126.jpg,K1.jpg,0.14081081081081082,2
tangram-126.jpg,L1.jpg,0.2565125366330186,2
tangram-126.jpg,N1.jpg,0.34968664316490405,2
tangram-126.jpg,O1.jpg,0.38288288288288286,2
tangram-126.jpg,R1.jpg,0.43458676067371715,2
tangram-126.jpg,T1.jpg,0.3820638820638821,2
tangram-126.jpg,tangram-103.jpg,0.25391696043869955,2
tangram-126.jpg,tangram-106.jpg,0.2884169884169884,2
tangram-126.jpg,tangram-108.jpg,0.38557388557388556,2
tangram-126.jpg,tangram-119.jpg,0.4381166881166881,2
tangram-126.jpg,tangram-120.jpg,0.2718295218295218,2
tangram-126.jpg,tangram-142.jpg,0.1567937800814513,2
tangram-126.jpg,tangram-143.jpg,0,2
tangram-126.jpg,tangram-146.jpg,0.47126343210680566,2
tangram-126.jpg,tangram-155.jpg,0.08652158652158654,2
tangram-126.jpg,tangram-164.jpg,0.04601436879917893,2
tangram-126.jpg,tangram-168.jpg,0.10114660114660115,2
tangram-126.jpg,tangram-171.jpg,0.4697933227344992,2
tangram-126.jpg,tangram-178.jpg,0.3761261261261261,2
tangram-126.jpg,tangram-183.jpg,0.09028593811202507,2
tangram-126.jpg,tangram-187.jpg,0.22276507276507276,2
tangram-126.jpg,tangram-192.jpg,0.2732155232155232,2
tangram-126.jpg,tangram-30.jpg,0.3472222222222222,2
tangram-126.jpg,tangram-32.jpg,0.38963963963963966,2
tangram-126.jpg,tangram-4.jpg,0.054804804804804805,2
tangram-126.jpg,tangram-44.jpg,0.42636867636867637,2
tangram-126.jpg,tangram-48.jpg,0.21600831600831602,2
tangram-126.jpg,tangram-53.jpg,0.25386100386100385,2
tangram-126.jpg,tangram-6.jpg,0.12263976305072195,2
tangram-126.jpg,tangram-64.jpg,0.3942058496853017,2
tangram-126.jpg,tangram-67.jpg,0.4286258089074991,2
tangram-126.jpg,tangram-71.jpg,0.35292484265087004,2
tangram-126.jpg,tangram-74.jpg,0.2164092664092664,2
tangram-126.jpg,tangram-8.jpg,0.015847665847665848,2
tangram-126.jpg,tangram-81.jpg,0.4234819234819235,2
tangram-126.jpg,tangram-87.jpg,0.22261261261261261,2
tangram-126.jpg,tangram-9.jpg,0.22774244833068363,2
tangram-126.jpg,tangram-90.jpg,0.3719334719334719,2
tangram-126.jpg,tangram-96.jpg,0.36993243243243246,2
tangram-126.jpg,tangram-99.jpg,0.40753911806543386,2
tangram-126.jpg,V1.jpg,0.37694512694512694,2
tangram-126.jpg,W1.jpg,0.23815253609774156,2
tangram-126.jpg,Y1.jpg,0.2272200772200772,2
tangram-140.jpg,A1.jpg,0.12278582930756843,2
tangram-140.jpg,A2.jpg,0.13555555555555554,2
tangram-140.jpg,B1.jpg,0.3361285814116003,2
tangram-140.jpg,C1.jpg,0.27046783625730997,2
tangram-140.jpg,D1.jpg,0.09814814814814815,2
tangram-140.jpg,E1.jpg,0.3244766505636071,2
tangram-140.jpg,F1.jpg,0.24757134183363688,2
tangram-140.jpg,G1.jpg,0.2985485485485485,2
tangram-140.jpg,H1.jpg,0.17834138486312398,2
tangram-140.jpg,I1.jpg,0.17864923747276687,2
tangram-140.jpg,J1.jpg,0.11211211211211211,2
tangram-140.jpg,K1.jpg,0.38370370370370366,2
tangram-140.jpg,L1.jpg,0.15283355644801427,2
tangram-140.jpg,N1.jpg,0.2286634460547504,2
tangram-140.jpg,O1.jpg,0.16223832528180354,2
tangram-140.jpg,R1.jpg,0.11755233494363929,2
tangram-140.jpg,T1.jpg,0.16498316498316498,2
tangram-140.jpg,tangram-103.jpg,0.07528180354267311,2
tangram-140.jpg,tangram-106.jpg,0.11058201058201057,2
tangram-140.jpg,tangram-108.jpg,0.1204906204906205,2
tangram-140.jpg,tangram-119.jpg,0.23015873015873015,2
tangram-140.jpg,tangram-120.jpg,0.3084045584045584,2
tangram-140.jpg,tangram-126.jpg,0.3676176176176176,2
tangram-140.jpg,tangram-142.jpg,0.16831557584982243,2
tangram-140.jpg,tangram-143.jpg,0.19172113289760348,2
tangram-140.jpg,tangram-146.jpg,0.3121374386434627,2
tangram-140.jpg,tangram-155.jpg,0.2251082251082251,2
tangram-140.jpg,tangram-164.jpg,0.2941865916549461,2
tangram-140.jpg,tangram-168.jpg,0.1574074074074074,2
tangram-140.jpg,tangram-171.jpg,0.30065359477124187,2
tangram-140.jpg,tangram-178.jpg,0.3055555555555555,2
tangram-140.jpg,tangram-183.jpg,0.47342995169082125,2
tangram-140.jpg,tangram-187.jpg,0.20042735042735044,2
tangram-140.jpg,tangram-192.jpg,0.3625356125356125,2
tangram-140.jpg,tangram-30.jpg,0.125,2
tangram-140.jpg,tangram-32.jpg,0.23148148148148145,2
tangram-140.jpg,tangram-4.jpg,0.1736111111111111,2
tangram-140.jpg,tangram-44.jpg,0.25997150997151,2
tangram-140.jpg,tangram-48.jpg,0.10783475783475784,2
tangram-140.jpg,tangram-53.jpg,0.20947570947570948,2
tangram-140.jpg,tangram-55.jpg,0.09078884078884078,2
tangram-140.jpg,tangram-6.jpg,0.12404870624048706,2
tangram-140.jpg,tangram-64.jpg,0.12848807711821408,2
tangram-140.jpg,tangram-67.jpg,0.12115284298382889,2
tangram-140.jpg,tangram-71.jpg,0.23554033485540332,2
tangram-140.jpg,tangram-74.jpg,0.20529100529100527,2
tangram-140.jpg,tangram-8.jpg,0.21952861952861952,2
tangram-140.jpg,tangram-81.jpg,0.13900913900913903,2
tangram-140.jpg,tangram-87.jpg,0.15777777777777777,2
tangram-140.jpg,tangram-9.jpg,0.3082788671023965,2
tangram-140.jpg,tangram-90.jpg,0.16025641025641024,2
tangram-140.jpg,tangram-96.jpg,0.16898148148148148,2
tangram-140.jpg,tangram-99.jpg,0.17007797270955166,2
tangram-140.jpg,V1.jpg,0.09175084175084175,2
tangram-140.jpg,W1.jpg,0.14256722475900557,2
tangram-140.jpg,Y1.jpg,0.1447089947089947,2
tangram-142.jpg,B1.jpg,0.1782114241406048,2
tangram-142.jpg,H1.jpg,0.2811197141155449,2
tangram-142.jpg,J1.jpg,0.05451684561273602,2
tangram-142.jpg,tangram-120.jpg,0.317351598173516,2
tangram-142.jpg,tangram-74.jpg,0.38405088062622306,2
tangram-142.jpg,W1.jpg,0.11643835616438356,2
tangram-143.jpg,A1.jpg,0.017050298380221655,2
tangram-143.jpg,A2.jpg,0,2
tangram-143.jpg,B1.jpg,0.04790972992970773,2
tangram-143.jpg,C1.jpg,0.2982456140350877,2
tangram-143.jpg,D1.jpg,0.28823529411764703,2
tangram-143.jpg,E1.jpg,0.05115089514066496,2
tangram-143.jpg,F1.jpg,0.12584378013500483,2
tangram-143.jpg,H1.jpg,0.2753623188405797,2
tangram-143.jpg,I1.jpg,0.20588235294117646,2
tangram-143.jpg,J1.jpg,0.1675940646528882,2
tangram-143.jpg,K1.jpg,0.023137254901960787,2
tangram-143.jpg,N1.jpg,0,2
tangram-143.jpg,O1.jpg,0,2
tangram-143.jpg,R1.jpg,0,2
tangram-143.jpg,T1.jpg,0.08689839572192513,2
tangram-143.jpg,tangram-103.jpg,0,2
tangram-143.jpg,tangram-106.jpg,0,2
tangram-143.jpg,tangram-108.jpg,0.016297428062133947,2
tangram-143.jpg,tangram-119.jpg,0,2
tangram-143.jpg,tangram-120.jpg,0.25301659125188536,2
tangram-143.jpg,tangram-142.jpg,0.18815471394037067,2
tangram-143.jpg,tangram-146.jpg,0,2
tangram-143.jpg,tangram-155.jpg,0.29004329004329005,2
tangram-143.jpg,tangram-164.jpg,0.3628691983122363,2
tangram-143.jpg,tangram-168.jpg,0,2
tangram-143.jpg,tangram-171.jpg,0,2
tangram-143.jpg,tangram-178.jpg,0.01906318082788671,2
tangram-143.jpg,tangram-183.jpg,0.29241261722080136,2
tangram-143.jpg,tangram-187.jpg,0.1680241327300151,2
tangram-143.jpg,tangram-192.jpg,0.14027149321266968,2
tangram-143.jpg,tangram-30.jpg,0.016748366013071895,2
tangram-143.jpg,tangram-32.jpg,0,2
tangram-143.jpg,tangram-4.jpg,0.21527777777777776,2
tangram-143.jpg,tangram-44.jpg,0,2
tangram-143.jpg,tangram-48.jpg,0,2
tangram-143.jpg,tangram-53.jpg,0,2
tangram-143.jpg,tangram-6.jpg,0.14101531023368252,2
tangram-143.jpg,tangram-64.jpg,0,2
tangram-143.jpg,tangram-67.jpg,0,2
tangram-143.jpg,tangram-71.jpg,0.0333064732742412,2
tangram-143.jpg,tangram-74.jpg,0.15868347338935576,2
tangram-143.jpg,tangram-8.jpg,0.03778966131907308,2
tangram-143.jpg,tangram-81.jpg,0,2
tangram-143.jpg,tangram-87.jpg,0.29333333333333333,2
tangram-143.jpg,tangram-9.jpg,0.049019607843137254,2
tangram-143.jpg,tangram-90.jpg,0,2
tangram-143.jpg,tangram-96.jpg,0.03349673202614379,2
tangram-143.jpg,tangram-99.jpg,0,2
tangram-143.jpg,V1.jpg,0,2
tangram-143.jpg,W1.jpg,0,2
tangram-143.jpg,Y1.jpg,0.24789915966386553,2
tangram-146.jpg,A2.jpg,0.41879518072289157,2
tangram-146.jpg,B1.jpg,0.27222095930893386,2
tangram-146.jpg,C1.jpg,0.04438807863031072,2
tangram-146.jpg,E1.jpg,0.286013619696176,2
tangram-146.jpg,H1.jpg,0.08931377684651651,2
tangram-146.jpg,J1.jpg,0.11046890263757735,2
tangram-146.jpg,K1.jpg,0.16626506024096388,2
tangram-146.jpg,N1.jpg,0.3886851754845469,2
tangram-146.jpg,T1.jpg,0.30969331872946326,2
tangram-146.jpg,tangram-103.jpg,0.37270822420115246,2
tangram-146.jpg,tangram-106.jpg,0.31153184165232356,2
tangram-146.jpg,tangram-119.jpg,0.41116848345764007,2
tangram-146.jpg,tangram-120.jpg,0.1163886314488724,2
tangram-146.jpg,tangram-142.jpg,0.12271001815481103,2
tangram-146.jpg,tangram-155.jpg,0.14137067751525584,2
tangram-146.jpg,tangram-164.jpg,0.049717858776879675,2
tangram-146.jpg,tangram-168.jpg,0.3324205914567361,2
tangram-146.jpg,tangram-171.jpg,0.31514292463973537,2
tangram-146.jpg,tangram-178.jpg,0.3080098170459616,2
tangram-146.jpg,tangram-4.jpg,0.15102074966532797,2
tangram-146.jpg,tangram-48.jpg,0.24022242817423542,2
tangram-146.jpg,tangram-6.jpg,0.13888430434065027,2
tangram-146.jpg,tangram-67.jpg,0.37306974376378754,2
tangram-146.jpg,tangram-71.jpg,0.19499917478131704,2
tangram-146.jpg,tangram-74.jpg,0.1316695352839931,2
tangram-146.jpg,tangram-8.jpg,0.15706462212486308,2
tangram-146.jpg,tangram-81.jpg,0.3968862462838366,2
tangram-146.jpg,tangram-87.jpg,0.12971887550200803,2
tangram-146.jpg,tangram-90.jpg,0.378035217794254,2
tangram-146.jpg,tangram-99.jpg,0.4751109701965758,2
tangram-146.jpg,V1.jpg,0.395947426067908,2
tangram-146.jpg,W1.jpg,0.4144248225779832,2
tangram-150.jpg,A1.jpg,0.4527300303336704,2
tangram-150.jpg,A2.jpg,0.6116279069767442,2
tangram-150.jpg,B1.jpg,0.35212812637121543,2
tangram-150.jpg,C1.jpg,0.02402080783353733,2
tangram-150.jpg,D1.jpg,0.012480620155038761,2
tangram-150.jpg,E1.jpg,0.19455679137175597,2
tangram-150.jpg,F1.jpg,0.49933282500953113,2
tangram-150.jpg,G1.jpg,0.0251414204902577,2
tangram-150.jpg,H1.jpg,0.08990562858105831,2
tangram-150.jpg,I1.jpg,0.08606931144550845,2
tangram-150.jpg,J1.jpg,0.15477686989314898,2
tangram-150.jpg,K1.jpg,0.04410852713178295,2
tangram-150.jpg,L1.jpg,0.3495376856262259,2
tangram-150.jpg,N1.jpg,0.4453151331311088,2
tangram-150.jpg,O1.jpg,0.4993259184361307,2
tangram-150.jpg,R1.jpg,0.4019211324570273,2
tangram-150.jpg,T1.jpg,0.3009161381254405,2
tangram-150.jpg,tangram-103.jpg,0.2843781597573306,2
tangram-150.jpg,tangram-106.jpg,0.2448504983388704,2
tangram-150.jpg,tangram-108.jpg,0.24856538810027182,2
tangram-150.jpg,tangram-119.jpg,0.5150424510889627,2
tangram-150.jpg,tangram-120.jpg,0.06514609421586165,2
tangram-150.jpg,tangram-126.jpg,0.46700188560653677,2
tangram-150.jpg,tangram-140.jpg,0.10443583118001723,2
tangram-150.jpg,tangram-142.jpg,0.06435170436444727,2
tangram-150.jpg,tangram-143.jpg,0.015617875056999544,2
tangram-150.jpg,tangram-146.jpg,0.4554497057999439,2
tangram-150.jpg,tangram-155.jpg,0.04273633343400785,2
tangram-150.jpg,tangram-164.jpg,0.024801295260523992,2
tangram-150.jpg,tangram-168.jpg,0.25088090204369273,2
tangram-150.jpg,tangram-171.jpg,0.260031919744642,2
tangram-150.jpg,tangram-178.jpg,0.2866063738156761,2
tangram-150.jpg,tangram-183.jpg,0.11467812605325245,2
tangram-150.jpg,tangram-187.jpg,0.22227191413237926,2
tangram-150.jpg,tangram-192.jpg,0.27116875372689325,2
tangram-150.jpg,tangram-30.jpg,0.4673772609819121,2
tangram-150.jpg,tangram-32.jpg,0.4106373815676141,2
tangram-150.jpg,tangram-4.jpg,0.0998062015503876,2
tangram-150.jpg,tangram-44.jpg,0.3504770423375074,2
tangram-150.jpg,tangram-48.jpg,0.21645796064400716,2
tangram-150.jpg,tangram-53.jpg,0.1852914527333132,2
tangram-150.jpg,tangram-55.jpg,0.47893385684083356,2
tangram-150.jpg,tangram-6.jpg,0.07016565785281936,2
tangram-150.jpg,tangram-64.jpg,0.3884198789423383,2
tangram-150.jpg,tangram-67.jpg,0.49836226662299377,2
tangram-150.jpg,tangram-71.jpg,0.11564192417967506,2
tangram-150.jpg,tangram-74.jpg,0.06478405315614617,2
tangram-150.jpg,tangram-8.jpg,0.04471458773784355,2
tangram-150.jpg,tangram-81.jpg,0.4974327997583811,2
tangram-150.jpg,tangram-87.jpg,0.10224806201550388,2
tangram-150.jpg,tangram-9.jpg,0.21215230278157773,2
tangram-150.jpg,tangram-90.jpg,0.434257602862254,2
tangram-150.jpg,tangram-96.jpg,0.25985142118863047,2
tangram-150.jpg,tangram-99.jpg,0.5387086903304774,2
tangram-150.jpg,V1.jpg,0.472692036645525,2
tangram-150.jpg,W1.jpg,0.36452691940108317,2
tangram-150.jpg,Y1.jpg,0.06661129568106312,2
tangram-155.jpg,B1.jpg,0.09850526831658907,2
tangram-155.jpg,E1.jpg,0.0766986636551854,2
tangram-155.jpg,H1.jpg,0.3232636928289102,2
tangram-155.jpg,J1.jpg,0.27693927693927695,2
tangram-155.jpg,K1.jpg,0.21194805194805194,2
tangram-155.jpg,N1.jpg,0.04846602672689629,2
tangram-155.jpg,tangram-120.jpg,0.20596070596070598,2
tangram-155.jpg,tangram-142.jpg,0.20877068137342109,2
tangram-155.jpg,tangram-71.jpg,0.10096068315246398,2
tangram-155.jpg,tangram-74.jpg,0.2357142857142857,2
tangram-155.jpg,W1.jpg,0.12871375200142324,2
tangram-164.jpg,B1.jpg,0.053618342488655366,2
tangram-164.jpg,E1.jpg,0.28068244358833244,2
tangram-164.jpg,H1.jpg,0.23702073014125846,2
tangram-164.jpg,J1.jpg,0.06542935340403695,2
tangram-164.jpg,K1.jpg,0.1918987341772152,2
tangram-164.jpg,N1.jpg,0.06063107686662998,2
tangram-164.jpg,tangram-103.jpg,0.026233718583746103,2
tangram-164.jpg,tangram-106.jpg,0.06103074141048824,2
tangram-164.jpg,tangram-119.jpg,0.23126381354229456,2
tangram-164.jpg,tangram-120.jpg,0.23539435248296006,2
tangram-164.jpg,tangram-142.jpg,0.18614530951968095,2
tangram-164.jpg,tangram-155.jpg,0.21634062140391253,2
tangram-164.jpg,tangram-171.jpg,0.06453214197071233,2
tangram-164.jpg,tangram-48.jpg,0.4265822784810127,2
tangram-164.jpg,tangram-6.jpg,0.16082885382347842,2
tangram-164.jpg,tangram-67.jpg,0.06756997682296309,2
tangram-164.jpg,tangram-71.jpg,0.06589214496271892,2
tangram-164.jpg,tangram-74.jpg,0.18761301989150092,2
tangram-164.jpg,tangram-8.jpg,0.15339470655926352,2
tangram-164.jpg,tangram-81.jpg,0.15888541837908926,2
tangram-164.jpg,tangram-90.jpg,0.06377799415774099,2
tangram-164.jpg,V1.jpg,0.07585347142309168,2
tangram-164.jpg,W1.jpg,0.06589214496271892,2
tangram-168.jpg,A2.jpg,0.20606060606060606,2
tangram-168.jpg,B1.jpg,0.10963407661520869,2
tangram-168.jpg,E1.jpg,0.308300395256917,2
tangram-168.jpg,H1.jpg,0.02964426877470356,2
tangram-168.jpg,J1.jpg,0.15765765765765766,2
tangram-168.jpg,K1.jpg,0.2621212121212121,2
tangram-168.jpg,N1.jpg,0.3735177865612649,2
tangram-168.jpg,T1.jpg,0.1893939393939394,2
tangram-168.jpg,tangram-103.jpg,0.20685111989459815,2
tangram-168.jpg,tangram-106.jpg,0.18463203463203465,2
tangram-168.jpg,tangram-119.jpg,0.4242424242424242,2
tangram-168.jpg,tangram-120.jpg,0.03554778554778555,2
tangram-168.jpg,tangram-142.jpg,0.06454960564549606,2
tangram-168.jpg,tangram-155.jpg,0.10930735930735933,2
tangram-168.jpg,tangram-164.jpg,0.3109896432681243,2
tangram-168.jpg,tangram-171.jpg,0.10115864527629234,2
tangram-168.jpg,tangram-48.jpg,0.6115384615384616,2
tangram-168.jpg,tangram-6.jpg,0.16843088418430885,2
tangram-168.jpg,tangram-67.jpg,0.35093896713615025,2
tangram-168.jpg,tangram-71.jpg,0.08042756330427564,2
tangram-168.jpg,tangram-74.jpg,0.04415584415584416,2
tangram-168.jpg,tangram-8.jpg,0.3015151515151515,2
tangram-168.jpg,tangram-81.jpg,0.5064935064935064,2
tangram-168.jpg,tangram-90.jpg,0.35151515151515156,2
tangram-168.jpg,V1.jpg,0.3106060606060606,2
tangram-168.jpg,W1.jpg,0.3501452885014529,2
tangram-171.jpg,B1.jpg,0.4356270810210877,2
tangram-171.jpg,E1.jpg,0.30562659846547313,2
tangram-171.jpg,H1.jpg,0.226768968456948,2
tangram-171.jpg,J1.jpg,0.1183094859565448,2
tangram-171.jpg,K1.jpg,0.19372549019607843,2
tangram-171.jpg,N1.jpg,0.11977834612105713,2
tangram-171.jpg,tangram-120.jpg,0.361236802413273,2
tangram-171.jpg,tangram-142.jpg,0.33011012624227776,2
tangram-171.jpg,tangram-155.jpg,0.1567354214413038,2
tangram-171.jpg,tangram-71.jpg,0.3998119795863551,2
tangram-171.jpg,tangram-74.jpg,0.28095238095238095,2
tangram-171.jpg,W1.jpg,0.12839108246038142,2
tangram-178.jpg,A2.jpg,0.2311111111111111,2
tangram-178.jpg,B1.jpg,0.26170510132774283,2
tangram-178.jpg,C1.jpg,0.11744639376218323,2
tangram-178.jpg,E1.jpg,0.2612721417069243,2
tangram-178.jpg,H1.jpg,0.049516908212560384,2
tangram-178.jpg,J1.jpg,0.19294294294294295,2
tangram-178.jpg,K1.jpg,0.30185185185185187,2
tangram-178.jpg,N1.jpg,0.40901771336553944,2
tangram-178.jpg,T1.jpg,0.29208754208754206,2
tangram-178.jpg,tangram-103.jpg,0.15901771336553944,2
tangram-178.jpg,tangram-106.jpg,0.21613756613756613,2
tangram-178.jpg,tangram-119.jpg,0.37037037037037035,2
tangram-178.jpg,tangram-120.jpg,0.05911680911680911,2
tangram-178.jpg,tangram-142.jpg,0.057584982242516486,2
tangram-178.jpg,tangram-155.jpg,0.1158008658008658,2
tangram-178.jpg,tangram-164.jpg,0.10911861228316924,2
tangram-178.jpg,tangram-168.jpg,0.19865319865319864,2
tangram-178.jpg,tangram-171.jpg,0.24183006535947713,2
tangram-178.jpg,tangram-48.jpg,0.20341880341880342,2
tangram-178.jpg,tangram-6.jpg,0.04832572298325723,2
tangram-178.jpg,tangram-67.jpg,0.350547730829421,2
tangram-178.jpg,tangram-71.jpg,0.19127346524606798,2
tangram-178.jpg,tangram-74.jpg,0.07486772486772486,2
tangram-178.jpg,tangram-8.jpg,0.14663299663299662,2
tangram-178.jpg,tangram-81.jpg,0.3559403559403559,2
tangram-178.jpg,tangram-87.jpg,0.05962962962962963,2
tangram-178.jpg,tangram-90.jpg,0.33276353276353277,2
tangram-178.jpg,tangram-99.jpg,0.3138401559454191,2
tangram-178.jpg,V1.jpg,0.30387205387205385,2
tangram-178.jpg,W1.jpg,0.27790461694571283,2
tangram-179.jpg,A1.jpg,0.057660455486542445,2
tangram-179.jpg,A2.jpg,0.09571428571428571,2
tangram-179.jpg,B1.jpg,0.07574123989218329,2
tangram-179.jpg,C1.jpg,0.2973684210526316,2
tangram-179.jpg,D1.jpg,0.1319047619047619,2
tangram-179.jpg,E1.jpg,0.20848861283643894,2
tangram-179.jpg,F1.jpg,0.10737704918032787,2
tangram-179.jpg,G1.jpg,0.3758687258687259,2
tangram-179.jpg,H1.jpg,0.23084886128364387,2
tangram-179.jpg,I1.jpg,0.19803921568627453,2
tangram-179.jpg,J1.jpg,0.2335907335907336,2
tangram-179.jpg,K1.jpg,0.21904761904761905,2
tangram-179.jpg,L1.jpg,0.1651462994836489,2
tangram-179.jpg,N1.jpg,0.02163561076604555,2
tangram-179.jpg,O1.jpg,0.07225672877846791,2
tangram-179.jpg,R1.jpg,0.014389233954451346,2
tangram-179.jpg,T1.jpg,0.2002164502164502,2
tangram-179.jpg,tangram-103.jpg,0.15175983436853002,2
tangram-179.jpg,tangram-106.jpg,0.22142857142857142,2
tangram-179.jpg,tangram-108.jpg,0.08766233766233766,2
tangram-179.jpg,tangram-119.jpg,0.1388888888888889,2
tangram-179.jpg,tangram-120.jpg,0.17032967032967034,2
tangram-179.jpg,tangram-126.jpg,0.11003861003861004,2
tangram-179.jpg,tangram-140.jpg,0.20740740740740737,2
tangram-179.jpg,tangram-142.jpg,0.11076320939334637,2
tangram-179.jpg,tangram-143.jpg,0.31218487394957983,2
tangram-179.jpg,tangram-146.jpg,0.12495697074010327,2
tangram-179.jpg,tangram-150.jpg,0.0893687707641196,2
tangram-179.jpg,tangram-155.jpg,0.22142857142857142,2
tangram-179.jpg,tangram-164.jpg,0.2200723327305606,2
tangram-179.jpg,tangram-168.jpg,0.0748917748917749,2
tangram-179.jpg,tangram-171.jpg,0.08291316526610645,2
tangram-179.jpg,tangram-178.jpg,0.12195767195767196,2
tangram-179.jpg,tangram-183.jpg,0.21677018633540374,2
tangram-179.jpg,tangram-187.jpg,0.08296703296703298,2
tangram-179.jpg,tangram-192.jpg,0.11904761904761904,2
tangram-179.jpg,tangram-30.jpg,0.27996031746031746,2
tangram-179.jpg,tangram-32.jpg,0.0791005291005291,2
tangram-179.jpg,tangram-4.jpg,0.23234126984126985,2
tangram-179.jpg,tangram-44.jpg,0.09267399267399268,2
tangram-179.jpg,tangram-48.jpg,0.022527472527472527,2
tangram-179.jpg,tangram-53.jpg,0.17272727272727273,2
tangram-179.jpg,tangram-55.jpg,0.027272727272727275,2
tangram-179.jpg,tangram-6.jpg,0.16673189823874754,2
tangram-179.jpg,tangram-64.jpg,0.15273972602739724,2
tangram-179.jpg,tangram-67.jpg,0.014185110663983903,2
tangram-179.jpg,tangram-71.jpg,0.10391389432485322,2
tangram-179.jpg,tangram-74.jpg,0.17857142857142855,2
tangram-179.jpg,tangram-8.jpg,0.12857142857142856,2
tangram-179.jpg,tangram-81.jpg,0.04090909090909091,2
tangram-179.jpg,tangram-87.jpg,0.27142857142857146,2
tangram-179.jpg,tangram-9.jpg,0.12394957983193276,2
tangram-179.jpg,tangram-90.jpg,0.06043956043956044,2
tangram-179.jpg,tangram-96.jpg,0.02103174603174603,2
tangram-179.jpg,tangram-99.jpg,0.15413533834586465,2
tangram-179.jpg,V1.jpg,0.09675324675324674,2
tangram-179.jpg,W1.jpg,0.186986301369863,2
tangram-179.jpg,Y1.jpg,0.15714285714285714,2
tangram-183.jpg,A1.jpg,0.12318840579710144,2
tangram-183.jpg,A2.jpg,0.096231884057971,2
tangram-183.jpg,B1.jpg,0.08558928083128248,2
tangram-183.jpg,C1.jpg,0.1171815408085431,2
tangram-183.jpg,D1.jpg,0.36579710144927535,2
tangram-183.jpg,E1.jpg,0.4057971014492754,2
tangram-183.jpg,F1.jpg,0.1235447849845569,2
tangram-183.jpg,H1.jpg,0.12318840579710144,2
tangram-183.jpg,I1.jpg,0.09249786871270246,2
tangram-183.jpg,J1.jpg,0.15932236584410497,2
tangram-183.jpg,K1.jpg,0.2901449275362319,2
tangram-183.jpg,N1.jpg,0.10869565217391305,2
tangram-183.jpg,O1.jpg,0.2681159420289855,2
tangram-183.jpg,T1.jpg,0.12648221343873517,2
tangram-183.jpg,tangram-103.jpg,0.10869565217391304,2
tangram-183.jpg,tangram-106.jpg,0.10766045548654243,2
tangram-183.jpg,tangram-108.jpg,0.06070016939582157,2
tangram-183.jpg,tangram-119.jpg,0.37405106970324364,2
tangram-183.jpg,tangram-120.jpg,0.09308807134894091,2
tangram-183.jpg,tangram-142.jpg,0.10551915822910463,2
tangram-183.jpg,tangram-146.jpg,0.20621616902392176,2
tangram-183.jpg,tangram-155.jpg,0.1885940146809712,2
tangram-183.jpg,tangram-164.jpg,0.6470372408732343,2
tangram-183.jpg,tangram-168.jpg,0.47397891963109356,2
tangram-183.jpg,tangram-171.jpg,0.11977834612105713,2
tangram-183.jpg,tangram-178.jpg,0.17632850241545894,2
tangram-183.jpg,tangram-187.jpg,0.5916387959866221,2
tangram-183.jpg,tangram-30.jpg,0.2955917874396135,2
tangram-183.jpg,tangram-4.jpg,0.34933574879227053,2
tangram-183.jpg,tangram-44.jpg,0.11315496098104794,2
tangram-183.jpg,tangram-48.jpg,0.3950947603121516,2
tangram-183.jpg,tangram-53.jpg,0.4194428759646151,2
tangram-183.jpg,tangram-6.jpg,0.18929918602342663,2
tangram-183.jpg,tangram-64.jpg,0.05598570577724836,2
tangram-183.jpg,tangram-67.jpg,0.08552765870585835,2
tangram-183.jpg,tangram-71.jpg,0.08497121302362518,2
tangram-183.jpg,tangram-74.jpg,0.08633540372670807,2
tangram-183.jpg,tangram-8.jpg,0.350197628458498,2
tangram-183.jpg,tangram-81.jpg,0.1598908338038773,2
tangram-183.jpg,tangram-87.jpg,0.10347826086956521,2
tangram-183.jpg,tangram-9.jpg,0.21824381926683717,2
tangram-183.jpg,tangram-90.jpg,0.15797101449275364,2
tangram-183.jpg,tangram-96.jpg,0.10658212560386474,2
tangram-183.jpg,tangram-99.jpg,0.16914569031273835,2
tangram-183.jpg,V1.jpg,0.10441370223978919,2
tangram-183.jpg,W1.jpg,0.16031367877704983,2
tangram-183.jpg,Y1.jpg,0.15848861283643892,2
tangram-187.jpg,A2.jpg,0.18692307692307691,2
tangram-187.jpg,B1.jpg,0.15341074020319304,2
tangram-187.jpg,C1.jpg,0.08562753036437247,2
tangram-187.jpg,E1.jpg,0.2938684503901895,2
tangram-187.jpg,H1.jpg,0.059308807134894094,2
tangram-187.jpg,J1.jpg,0.09251559251559252,2
tangram-187.jpg,K1.jpg,0.2353846153846154,2
tangram-187.jpg,N1.jpg,0.24816053511705688,2
tangram-187.jpg,T1.jpg,0.1831002331002331,2
tangram-187.jpg,tangram-103.jpg,0.15529542920847267,2
tangram-187.jpg,tangram-106.jpg,0.2142857142857143,2
tangram-187.jpg,tangram-108.jpg,0.12117882117882119,2
tangram-187.jpg,tangram-119.jpg,0.4822954822954823,2
tangram-187.jpg,tangram-120.jpg,0.10897435897435898,2
tangram-187.jpg,tangram-142.jpg,0.10094836670179136,2
tangram-187.jpg,tangram-146.jpg,0.2582947173308619,2
tangram-187.jpg,tangram-155.jpg,0.1093906093906094,2
tangram-187.jpg,tangram-164.jpg,0.5540408958130478,2
tangram-187.jpg,tangram-168.jpg,0.55,2
tangram-187.jpg,tangram-171.jpg,0.2562594268476621,2
tangram-187.jpg,tangram-178.jpg,0.22037037037037038,2
tangram-187.jpg,tangram-30.jpg,0.5137820512820512,2
tangram-187.jpg,tangram-4.jpg,0.22799145299145301,2
tangram-187.jpg,tangram-48.jpg,0.6384615384615384,2
tangram-187.jpg,tangram-6.jpg,0.2410958904109589,2
tangram-187.jpg,tangram-67.jpg,0.27085590465872156,2
tangram-187.jpg,tangram-71.jpg,0.09409905163329821,2
tangram-187.jpg,tangram-74.jpg,0.05934065934065934,2
tangram-187.jpg,tangram-8.jpg,0.21958041958041957,2
tangram-187.jpg,tangram-81.jpg,0.47822177822177825,2
tangram-187.jpg,tangram-87.jpg,0.055384615384615386,2
tangram-187.jpg,tangram-90.jpg,0.27692307692307694,2
tangram-187.jpg,tangram-99.jpg,0.2688259109311741,2
tangram-187.jpg,V1.jpg,0.258974358974359,2
tangram-187.jpg,W1.jpg,0.24130663856691253,2
tangram-192.jpg,A1.jpg,0.3447603121516165,2
tangram-192.jpg,A2.jpg,0.22256410256410256,2
tangram-192.jpg,B1.jpg,0.21165940977261732,2
tangram-192.jpg,C1.jpg,0.16143724696356276,2
tangram-192.jpg,D1.jpg,0.03948717948717949,2
tangram-192.jpg,E1.jpg,0.3277591973244147,2
tangram-192.jpg,F1.jpg,0.4164564943253468,2
tangram-192.jpg,H1.jpg,0.15997770345596432,2
tangram-192.jpg,I1.jpg,0.11349924585218704,2
tangram-192.jpg,J1.jpg,0.19542619542619544,2
tangram-192.jpg,K1.jpg,0.12487179487179487,2
tangram-192.jpg,N1.jpg,0.3770903010033445,2
tangram-192.jpg,O1.jpg,0.5150501672240803,2
tangram-192.jpg,T1.jpg,0.32867132867132864,2
tangram-192.jpg,tangram-103.jpg,0.19286510590858416,2
tangram-192.jpg,tangram-106.jpg,0.3272893772893773,2
tangram-192.jpg,tangram-108.jpg,0.13536463536463536,2
tangram-192.jpg,tangram-119.jpg,0.32875457875457875,2
tangram-192.jpg,tangram-120.jpg,0.18589743589743588,2
tangram-192.jpg,tangram-142.jpg,0.16087109237794167,2
tangram-192.jpg,tangram-146.jpg,0.360982391102873,2
tangram-192.jpg,tangram-155.jpg,0.1093906093906094,2
tangram-192.jpg,tangram-164.jpg,0.2543005517689062,2
tangram-192.jpg,tangram-168.jpg,0.303030303030303,2
tangram-192.jpg,tangram-171.jpg,0.31938159879336353,2
tangram-192.jpg,tangram-178.jpg,0.3055555555555556,2
tangram-192.jpg,tangram-183.jpg,0.2962653288740245,2
tangram-192.jpg,tangram-187.jpg,0.3128205128205128,2
tangram-192.jpg,tangram-30.jpg,0.422008547008547,2
tangram-192.jpg,tangram-4.jpg,0.18536324786324787,2
tangram-192.jpg,tangram-44.jpg,0.3076923076923077,2
tangram-192.jpg,tangram-48.jpg,0.28076923076923077,2
tangram-192.jpg,tangram-53.jpg,0.2833000333000333,2
tangram-192.jpg,tangram-6.jpg,0.12662451703547595,2
tangram-192.jpg,tangram-64.jpg,0.2596592904812083,2
tangram-192.jpg,tangram-67.jpg,0.3829902491874323,2
tangram-192.jpg,tangram-71.jpg,0.21724622409553915,2
tangram-192.jpg,tangram-74.jpg,0.1727106227106227,2
tangram-192.jpg,tangram-8.jpg,0.2548951048951049,2
tangram-192.jpg,tangram-81.jpg,0.4325674325674326,2
tangram-192.jpg,tangram-87.jpg,0.11153846153846153,2
tangram-192.jpg,tangram-9.jpg,0.1647812971342383,2
tangram-192.jpg,tangram-90.jpg,0.43846153846153846,2
tangram-192.jpg,tangram-96.jpg,0.24519230769230768,2
tangram-192.jpg,tangram-99.jpg,0.4092442645074224,2
tangram-192.jpg,V1.jpg,0.27913752913752915,2
tangram-192.jpg,W1.jpg,0.30453108535300316,2
tangram-192.jpg,Y1.jpg,0.16556776556776556,2
tangram-30.jpg,A2.jpg,0.42,2
tangram-30.jpg,B1.jpg,0.3291404612159329,2
tangram-30.jpg,C1.jpg,0.06067251461988304,2
tangram-30.jpg,E1.jpg,0.2509057971014493,2
tangram-30.jpg,H1.jpg,0.10748792270531402,2
tangram-30.jpg,J1.jpg,0.10247747747747749,2
tangram-30.jpg,K1.jpg,0.16194444444444445,2
tangram-30.jpg,N1.jpg,0.33121980676328505,2
tangram-30.jpg,T1.jpg,0.38825757575757575,2
tangram-30.jpg,tangram-103.jpg,0.3602053140096618,2
tangram-30.jpg,tangram-106.jpg,0.42837301587301585,2
tangram-30.jpg,tangram-119.jpg,0.4464285714285714,2
tangram-30.jpg,tangram-120.jpg,0.07905982905982906,2
tangram-30.jpg,tangram-142.jpg,0.11681887366818873,2
tangram-30.jpg,tangram-146.jpg,0.4506358768406961,2
tangram-30.jpg,tangram-155.jpg,0.2334054834054834,2
tangram-30.jpg,tangram-164.jpg,0.16068917018284107,2
tangram-30.jpg,tangram-168.jpg,0.46464646464646464,2
tangram-30.jpg,tangram-171.jpg,0.3190359477124183,2
tangram-30.jpg,tangram-178.jpg,0.37037037037037035,2
tangram-30.jpg,tangram-4.jpg,0.2222222222222222,2
tangram-30.jpg,tangram-48.jpg,0.5822649572649572,2
tangram-30.jpg,tangram-6.jpg,0.1307077625570776,2
tangram-30.jpg,tangram-67.jpg,0.37910798122065725,2
tangram-30.jpg,tangram-71.jpg,0.1583904109589041,2
tangram-30.jpg,tangram-74.jpg,0.15595238095238095,2
tangram-30.jpg,tangram-8.jpg,0.22815656565656564,2
tangram-30.jpg,tangram-81.jpg,0.4967532467532467,2
tangram-30.jpg,tangram-87.jpg,0.08194444444444443,2
tangram-30.jpg,tangram-90.jpg,0.4507478632478632,2
tangram-30.jpg,tangram-99.jpg,0.5069444444444444,2
tangram-30.jpg,V1.jpg,0.4917929292929293,2
tangram-30.jpg,W1.jpg,0.4691780821917808,2
tangram-32.jpg,A1.jpg,0.4718196457326892,2
tangram-32.jpg,A2.jpg,0.33666666666666667,2
tangram-32.jpg,B1.jpg,0.2527952480782669,2
tangram-32.jpg,C1.jpg,0.17446393762183235,2
tangram-32.jpg,D1.jpg,0.05703703703703704,2
tangram-32.jpg,E1.jpg,0.45209339774557167,2
tangram-32.jpg,F1.jpg,0.5340012143290831,2
tangram-32.jpg,H1.jpg,0.09903381642512077,2
tangram-32.jpg,I1.jpg,0.11383442265795207,2
tangram-32.jpg,J1.jpg,0.3185685685685686,2
tangram-32.jpg,K1.jpg,0.12333333333333332,2
tangram-32.jpg,N1.jpg,0.5958132045088567,2
tangram-32.jpg,O1.jpg,0.6976650563607085,2
tangram-32.jpg,R1.jpg,0.5233494363929146,2
tangram-32.jpg,T1.jpg,0.4537037037037037,2
tangram-32.jpg,tangram-103.jpg,0.24879227053140096,2
tangram-32.jpg,tangram-106.jpg,0.4007936507936508,2
tangram-32.jpg,tangram-108.jpg,0.26046176046176045,2
tangram-32.jpg,tangram-119.jpg,0.5476190476190476,2
tangram-32.jpg,tangram-120.jpg,0.05626780626780627,2
tangram-32.jpg,tangram-142.jpg,0.11276002029426686,2
tangram-32.jpg,tangram-146.jpg,0.46173583221775993,2
tangram-32.jpg,tangram-155.jpg,0.11856661856661857,2
tangram-32.jpg,tangram-164.jpg,0.29664791373652133,2
tangram-32.jpg,tangram-168.jpg,0.5353535353535354,2
tangram-32.jpg,tangram-171.jpg,0.33877995642701525,2
tangram-32.jpg,tangram-178.jpg,0.37037037037037035,2
tangram-32.jpg,tangram-183.jpg,0.33091787439613524,2
tangram-32.jpg,tangram-187.jpg,0.5576923076923077,2
tangram-32.jpg,tangram-192.jpg,0.4202279202279202,2
tangram-32.jpg,tangram-30.jpg,0.5532407407407407,2
tangram-32.jpg,tangram-4.jpg,0.16435185185185186,2
tangram-32.jpg,tangram-44.jpg,0.353988603988604,2
tangram-32.jpg,tangram-48.jpg,0.6207977207977209,2
tangram-32.jpg,tangram-53.jpg,0.4577922077922078,2
tangram-32.jpg,tangram-6.jpg,0.14256722475900557,2
tangram-32.jpg,tangram-64.jpg,0.2553272450532724,2
tangram-32.jpg,tangram-67.jpg,0.6488002086593636,2
tangram-32.jpg,tangram-71.jpg,0.22146118721461186,2
tangram-32.jpg,tangram-74.jpg,0.09126984126984126,2
tangram-32.jpg,tangram-8.jpg,0.22104377104377101,2
tangram-32.jpg,tangram-81.jpg,0.5875420875420875,2
tangram-32.jpg,tangram-87.jpg,0.0662962962962963,2
tangram-32.jpg,tangram-9.jpg,0.16067538126361655,2
tangram-32.jpg,tangram-90.jpg,0.5948717948717949,2
tangram-32.jpg,tangram-96.jpg,0.2638888888888889,2
tangram-32.jpg,tangram-99.jpg,0.48562378167641324,2
tangram-32.jpg,V1.jpg,0.5134680134680134,2
tangram-32.jpg,W1.jpg,0.5476915271435818,2
tangram-32.jpg,Y1.jpg,0.058465608465608464,2
tangram-4.jpg,A2.jpg,0.11166666666666666,2
tangram-4.jpg,B1.jpg,0.03275681341719078,2
tangram-4.jpg,C1.jpg,0.08808479532163742,2
tangram-4.jpg,E1.jpg,0.1642512077294686,2
tangram-4.jpg,H1.jpg,0.13556763285024154,2
tangram-4.jpg,J1.jpg,0.15671921921921922,2
tangram-4.jpg,K1.jpg,0.1763888888888889,2
tangram-4.jpg,N1.jpg,0.021135265700483092,2
tangram-4.jpg,T1.jpg,0.12373737373737373,2
tangram-4.jpg,tangram-103.jpg,0.13647342995169082,2
tangram-4.jpg,tangram-106.jpg,0.1623015873015873,2
tangram-4.jpg,tangram-119.jpg,0.2093253968253968,2
tangram-4.jpg,tangram-120.jpg,0.18322649572649571,2
tangram-4.jpg,tangram-142.jpg,0.1856925418569254,2
tangram-4.jpg,tangram-155.jpg,0.3133116883116883,2
tangram-4.jpg,tangram-164.jpg,0.22072784810126583,2
tangram-4.jpg,tangram-168.jpg,0.23358585858585856,2
tangram-4.jpg,tangram-171.jpg,0.06290849673202614,2
tangram-4.jpg,tangram-178.jpg,0.09027777777777778,2
tangram-4.jpg,tangram-48.jpg,0.08162393162393163,2
tangram-4.jpg,tangram-6.jpg,0.1446917808219178,2
tangram-4.jpg,tangram-67.jpg,0.042155712050078245,2
tangram-4.jpg,tangram-71.jpg,0.11700913242009131,2
tangram-4.jpg,tangram-74.jpg,0.20555555555555555,2
tangram-4.jpg,tangram-8.jpg,0.15555555555555556,2
tangram-4.jpg,tangram-81.jpg,0.07413419913419914,2
tangram-4.jpg,tangram-87.jpg,0.16999999999999998,2
tangram-4.jpg,tangram-90.jpg,0.09626068376068377,2
tangram-4.jpg,tangram-99.jpg,0.11988304093567251,2
tangram-4.jpg,V1.jpg,0.13131313131313133,2
tangram-4.jpg,W1.jpg,0.0960806697108067,2
tangram-44.jpg,A2.jpg,0.34307692307692306,2
tangram-44.jpg,B1.jpg,0.3624818577648766,2
tangram-44.jpg,C1.jpg,0.058198380566801614,2
tangram-44.jpg,E1.jpg,0.2664437012263099,2
tangram-44.jpg,F1.jpg,0.25966792770071456,2
tangram-44.jpg,H1.jpg,0.17028985507246375,2
tangram-44.jpg,I1.jpg,0.10972850678733032,2
tangram-44.jpg,J1.jpg,0.13808038808038808,2
tangram-44.jpg,K1.jpg,0.13025641025641027,2
tangram-44.jpg,N1.jpg,0.0866778149386845,2
tangram-44.jpg,O1.jpg,0.3564659977703456,2
tangram-44.jpg,T1.jpg,0.351981351981352,2
tangram-44.jpg,tangram-103.jpg,0.32441471571906355,2
tangram-44.jpg,tangram-106.jpg,0.29871794871794877,2
tangram-44.jpg,tangram-108.jpg,0.36097236097236096,2
tangram-44.jpg,tangram-119.jpg,0.4343711843711844,2
tangram-44.jpg,tangram-120.jpg,0.25,2
tangram-44.jpg,tangram-142.jpg,0.30540920266947663,2
tangram-44.jpg,tangram-146.jpg,0.38739573679332717,2
tangram-44.jpg,tangram-155.jpg,0.16741591741591744,2
tangram-44.jpg,tangram-164.jpg,0.038218111002921135,2
tangram-44.jpg,tangram-168.jpg,0.168997668997669,2
tangram-44.jpg,tangram-171.jpg,0.5380844645550528,2
tangram-44.jpg,tangram-178.jpg,0.21866096866096868,2
tangram-44.jpg,tangram-187.jpg,0.26282051282051283,2
tangram-44.jpg,tangram-30.jpg,0.39957264957264954,2
tangram-44.jpg,tangram-4.jpg,0.10576923076923075,2
tangram-44.jpg,tangram-48.jpg,0.20512820512820515,2
tangram-44.jpg,tangram-53.jpg,0.3220945720945721,2
tangram-44.jpg,tangram-6.jpg,0.19204425711275025,2
tangram-44.jpg,tangram-64.jpg,0.30277485072005617,2
tangram-44.jpg,tangram-67.jpg,0.18779342723004697,2
tangram-44.jpg,tangram-71.jpg,0.35361784334387075,2
tangram-44.jpg,tangram-74.jpg,0.2304029304029304,2
tangram-44.jpg,tangram-8.jpg,0.07855477855477855,2
tangram-44.jpg,tangram-81.jpg,0.28946053946053946,2
tangram-44.jpg,tangram-87.jpg,0.17384615384615384,2
tangram-44.jpg,tangram-90.jpg,0.31794871794871793,2
tangram-44.jpg,tangram-96.jpg,0.4519230769230769,2
tangram-44.jpg,tangram-99.jpg,0.4284750337381916,2
tangram-44.jpg,V1.jpg,0.29953379953379955,2
tangram-44.jpg,W1.jpg,0.20618194590797329,2
tangram-44.jpg,Y1.jpg,0.367948717948718,2
tangram-48.jpg,B1.jpg,0.2030478955007257,2
tangram-48.jpg,E1.jpg,0.2585284280936455,2
tangram-48.jpg,H1.jpg,0.052062430323299894,2
tangram-48.jpg,J1.jpg,0.15124740124740127,2
tangram-48.jpg,K1.jpg,0.2882051282051282,2
tangram-48.jpg,N1.jpg,0.30156075808249727,2
tangram-48.jpg,tangram-120.jpg,0.05,2
tangram-48.jpg,tangram-142.jpg,0.05047418335089568,2
tangram-48.jpg,tangram-155.jpg,0.057942057942057944,2
tangram-48.jpg,tangram-171.jpg,0.2562594268476621,2
tangram-48.jpg,tangram-67.jpg,0.38169014084507047,2
tangram-48.jpg,tangram-71.jpg,0.08893572181243414,2
tangram-48.jpg,tangram-74.jpg,0.04450549450549451,2
tangram-48.jpg,W1.jpg,0.2857744994731296,2
tangram-53.jpg,A2.jpg,0.2503896103896104,2
tangram-53.jpg,B1.jpg,0.1680960548885077,2
tangram-53.jpg,C1.jpg,0.04571086807928913,2
tangram-53.jpg,E1.jpg,0.3487671748541314,2
tangram-53.jpg,H1.jpg,0.08243929983060418,2
tangram-53.jpg,J1.jpg,0.12548262548262548,2
tangram-53.jpg,K1.jpg,0.18303030303030302,2
tangram-53.jpg,N1.jpg,0.08817993600602297,2
tangram-53.jpg,O1.jpg,0.3240165631469979,2
tangram-53.jpg,T1.jpg,0.2954545454545454,2
tangram-53.jpg,tangram-103.jpg,0.33051006964050444,2
tangram-53.jpg,tangram-106.jpg,0.41233766233766234,2
tangram-53.jpg,tangram-108.jpg,0.2337662337662338,2
tangram-53.jpg,tangram-119.jpg,0.40548340548340545,2
tangram-53.jpg,tangram-120.jpg,0.0387945387945388,2
tangram-53.jpg,tangram-142.jpg,0.09339975093399751,2
tangram-53.jpg,tangram-146.jpg,0.28602722578626194,2
tangram-53.jpg,tangram-155.jpg,0.1168831168831169,2
tangram-53.jpg,tangram-164.jpg,0.3268946243629788,2
tangram-53.jpg,tangram-168.jpg,0.43614718614718617,2
tangram-53.jpg,tangram-171.jpg,0.32314744079449964,2
tangram-53.jpg,tangram-178.jpg,0.19925444925444924,2
tangram-53.jpg,tangram-187.jpg,0.5077922077922079,2
tangram-53.jpg,tangram-30.jpg,0.38455988455988455,2
tangram-53.jpg,tangram-4.jpg,0.152507215007215,2
tangram-53.jpg,tangram-48.jpg,0.48661338661338666,2
tangram-53.jpg,tangram-6.jpg,0.13956591353851627,2
tangram-53.jpg,tangram-67.jpg,0.13480885311871227,2
tangram-53.jpg,tangram-71.jpg,0.112880270414517,2
tangram-53.jpg,tangram-74.jpg,0.06103896103896103,2
tangram-53.jpg,tangram-8.jpg,0.24415584415584413,2
tangram-53.jpg,tangram-81.jpg,0.21428571428571427,2
tangram-53.jpg,tangram-87.jpg,0.0458008658008658,2
tangram-53.jpg,tangram-90.jpg,0.23106893106893106,2
tangram-53.jpg,tangram-99.jpg,0.34688995215311,2
tangram-53.jpg,V1.jpg,0.20995670995670995,2
tangram-53.jpg,W1.jpg,0.37431062088596334,2
tangram-55.jpg,A1.jpg,0.44739318652362137,2
tangram-55.jpg,A2.jpg,0.3737662337662338,2
tangram-55.jpg,B1.jpg,0.3209997549620191,2
tangram-55.jpg,C1.jpg,0.09116541353383459,2
tangram-55.jpg,D1.jpg,0.039653679653679656,2
tangram-55.jpg,E1.jpg,0.45266327875023527,2
tangram-55.jpg,F1.jpg,0.5473706621247605,2
tangram-55.jpg,G1.jpg,0.013250263250263251,2
tangram-55.jpg,H1.jpg,0.028232636928289104,2
tangram-55.jpg,I1.jpg,0.04239877769289534,2
tangram-55.jpg,J1.jpg,0.2753597753597754,2
tangram-55.jpg,K1.jpg,0.046147186147186145,2
tangram-55.jpg,L1.jpg,0.5253481458300735,2
tangram-55.jpg,N1.jpg,0.7794089968003012,2
tangram-55.jpg,O1.jpg,0.5470543948804818,2
tangram-55.jpg,R1.jpg,0.803124411820064,2
tangram-55.jpg,T1.jpg,0.4134199134199134,2
tangram-55.jpg,tangram-103.jpg,0.04121964991530209,2
tangram-55.jpg,tangram-106.jpg,0.08311688311688312,2
tangram-55.jpg,tangram-108.jpg,0.08441558441558442,2
tangram-55.jpg,tangram-119.jpg,0.4365079365079365,2
tangram-55.jpg,tangram-120.jpg,0.025807525807525808,2
tangram-55.jpg,tangram-126.jpg,0.4819234819234819,2
tangram-55.jpg,tangram-142.jpg,0.03353495819249244,2
tangram-55.jpg,tangram-143.jpg,0,2
tangram-55.jpg,tangram-146.jpg,0.3575340322328274,2
tangram-55.jpg,tangram-155.jpg,0.025974025974025976,2
tangram-55.jpg,tangram-164.jpg,0.10241657077100115,2
tangram-55.jpg,tangram-168.jpg,0.34848484848484845,2
tangram-55.jpg,tangram-171.jpg,0.20575502928444106,2
tangram-55.jpg,tangram-178.jpg,0.3698893698893699,2
tangram-55.jpg,tangram-183.jpg,0.19264069264069264,2
tangram-55.jpg,tangram-187.jpg,0.2681318681318682,2
tangram-55.jpg,tangram-192.jpg,0.401015651015651,2
tangram-55.jpg,tangram-30.jpg,0.3681457431457431,2
tangram-55.jpg,tangram-32.jpg,0.6006493506493507,2
tangram-55.jpg,tangram-4.jpg,0.08152958152958154,2
tangram-55.jpg,tangram-44.jpg,0.14760239760239763,2
tangram-55.jpg,tangram-48.jpg,0.29120879120879123,2
tangram-55.jpg,tangram-53.jpg,0.1168831168831169,2
tangram-55.jpg,tangram-6.jpg,0.04038427326098559,2
tangram-55.jpg,tangram-64.jpg,0.33508272549368445,2
tangram-55.jpg,tangram-67.jpg,0.7569050667642216,2
tangram-55.jpg,tangram-71.jpg,0.05337128624799858,2
tangram-55.jpg,tangram-74.jpg,0.03441558441558441,2
tangram-55.jpg,tangram-8.jpg,0.10389610389610389,2
tangram-55.jpg,tangram-81.jpg,0.512987012987013,2
tangram-55.jpg,tangram-87.jpg,0.03948051948051948,2
tangram-55.jpg,tangram-9.jpg,0.2927170868347339,2
tangram-55.jpg,tangram-90.jpg,0.5494505494505495,2
tangram-55.jpg,tangram-96.jpg,0.3782467532467533,2
tangram-55.jpg,tangram-99.jpg,0.39123376623376627,2
tangram-55.jpg,V1.jpg,0.5454545454545454,2
tangram-55.jpg,W1.jpg,0.3884540117416829,2
tangram-55.jpg,Y1.jpg,0.013636363636363637,2
tangram-6.jpg,B1.jpg,0.3128715430343758,2
tangram-6.jpg,E1.jpg,0.10512209648600357,2
tangram-6.jpg,H1.jpg,0.42972007147111374,2
tangram-6.jpg,J1.jpg,0.3535727508330248,2
tangram-6.jpg,K1.jpg,0.20995433789954338,2
tangram-6.jpg,N1.jpg,0.09062934286281517,2
tangram-6.jpg,tangram-106.jpg,0.09021526418786692,2
tangram-6.jpg,tangram-119.jpg,0.1593824744509676,2
tangram-6.jpg,tangram-120.jpg,0.19801545486476993,2
tangram-6.jpg,tangram-142.jpg,0.23972602739726026,2
tangram-6.jpg,tangram-155.jpg,0.26000711617149974,2
tangram-6.jpg,tangram-171.jpg,0.2557077625570776,2
tangram-6.jpg,tangram-48.jpg,0.30179135932560586,2
tangram-6.jpg,tangram-67.jpg,0.06887902759019872,2
tangram-6.jpg,tangram-71.jpg,0.23972602739726026,2
tangram-6.jpg,tangram-74.jpg,0.27299412915851273,2
tangram-6.jpg,tangram-8.jpg,0.043337484433374845,2
tangram-6.jpg,tangram-90.jpg,0.10695468914646997,2
tangram-6.jpg,V1.jpg,0.0356994603569946,2
tangram-6.jpg,W1.jpg,0.10273972602739725,2
tangram-64.jpg,A2.jpg,0.3375342465753425,2
tangram-64.jpg,B1.jpg,0.21594727319720858,2
tangram-64.jpg,C1.jpg,0.04659336697909156,2
tangram-64.jpg,E1.jpg,0.10432797299980147,2
tangram-64.jpg,H1.jpg,0.07772483621203097,2
tangram-64.jpg,J1.jpg,0.04757497223250648,2
tangram-64.jpg,K1.jpg,0.047397260273972605,2
tangram-64.jpg,N1.jpg,0.32330752432003174,2
tangram-64.jpg,O1.jpg,0.3527893587452849,2
tangram-64.jpg,T1.jpg,0.2437733499377335,2
tangram-64.jpg,tangram-103.jpg,0.3390907286082986,2
tangram-64.jpg,tangram-106.jpg,0.2646771037181996,2
tangram-64.jpg,tangram-108.jpg,0.20841487279843443,2
tangram-64.jpg,tangram-119.jpg,0.30039138943248533,2
tangram-64.jpg,tangram-120.jpg,0.13347383210396907,2
tangram-64.jpg,tangram-142.jpg,0.1232876712328767,2
tangram-64.jpg,tangram-146.jpg,0.3837266875722066,2
tangram-64.jpg,tangram-155.jpg,0.1344956413449564,2
tangram-64.jpg,tangram-164.jpg,0.013178428992543782,2
tangram-64.jpg,tangram-168.jpg,0.2109796596097966,2
tangram-64.jpg,tangram-171.jpg,0.2616169755573462,2
tangram-64.jpg,tangram-178.jpg,0.2045915778792491,2
tangram-64.jpg,tangram-187.jpg,0.20874604847207587,2
tangram-64.jpg,tangram-30.jpg,0.4555745814307458,2
tangram-64.jpg,tangram-4.jpg,0.1720890410958904,2
tangram-64.jpg,tangram-48.jpg,0.14973656480505795,2
tangram-64.jpg,tangram-53.jpg,0.17381248888098202,2
tangram-64.jpg,tangram-6.jpg,0.0410958904109589,2
tangram-64.jpg,tangram-67.jpg,0.3147790854717345,2
tangram-64.jpg,tangram-71.jpg,0.21232876712328766,2
tangram-64.jpg,tangram-74.jpg,0.24500978473581211,2
tangram-64.jpg,tangram-8.jpg,0.05466998754669987,2
tangram-64.jpg,tangram-81.jpg,0.31738124888809816,2
tangram-64.jpg,tangram-87.jpg,0.21662100456621003,2
tangram-64.jpg,tangram-90.jpg,0.3232876712328767,2
tangram-64.jpg,tangram-96.jpg,0.2692161339421614,2
tangram-64.jpg,tangram-99.jpg,0.35436193222782986,2
tangram-64.jpg,V1.jpg,0.342258198422582,2
tangram-64.jpg,W1.jpg,0.2808219178082192,2
tangram-67.jpg,B1.jpg,0.3363008238107893,2
tangram-67.jpg,E1.jpg,0.48458869156970813,2
tangram-67.jpg,H1.jpg,0.05031639110022454,2
tangram-67.jpg,J1.jpg,0.348686714883898,2
tangram-67.jpg,K1.jpg,0.03408450704225352,2
tangram-67.jpg,N1.jpg,0.7287201469687692,2
tangram-67.jpg,tangram-120.jpg,0.02690501986276634,2
tangram-67.jpg,tangram-142.jpg,0.048331082384719275,2
tangram-67.jpg,tangram-155.jpg,0.027071520029266508,2
tangram-67.jpg,tangram-171.jpg,0.26622479977906655,2
tangram-67.jpg,tangram-71.jpg,0.0837352884429867,2
tangram-67.jpg,tangram-74.jpg,0.056841046277665994,2
tangram-67.jpg,W1.jpg,0.43333976461508783,2
tangram-71.jpg,B1.jpg,0.2588524166451279,2
tangram-71.jpg,H1.jpg,0.14820329561246776,2
tangram-71.jpg,J1.jpg,0.10181414291003332,2
tangram-71.jpg,tangram-120.jpg,0.27801194239550403,2
tangram-71.jpg,tangram-142.jpg,0.22602739726027396,2
tangram-71.jpg,tangram-74.jpg,0.25988258317025437,2
tangram-71.jpg,W1.jpg,0.0821917808219178,2
tangram-8.jpg,B1.jpg,0.07409948542024014,2
tangram-8.jpg,E1.jpg,0.3756258234519104,2
tangram-8.jpg,H1.jpg,0.023583662714097495,2
tangram-8.jpg,J1.jpg,0.24262899262899262,2
tangram-8.jpg,K1.jpg,0.24242424242424243,2
tangram-8.jpg,N1.jpg,0.06719367588932806,2
tangram-8.jpg,tangram-106.jpg,0.13506493506493505,2
tangram-8.jpg,tangram-120.jpg,0.0155011655011655,2
tangram-8.jpg,tangram-142.jpg,0.04557907845579078,2
tangram-8.jpg,tangram-155.jpg,0.1051948051948052,2
tangram-8.jpg,tangram-171.jpg,0.07771836007130126,2
tangram-8.jpg,tangram-48.jpg,0.11608391608391608,2
tangram-8.jpg,tangram-67.jpg,0.07861715749039692,2
tangram-8.jpg,tangram-71.jpg,0.0660024906600249,2
tangram-8.jpg,tangram-74.jpg,0.03961038961038961,2
tangram-8.jpg,W1.jpg,0.16637608966376088,2
tangram-81.jpg,B1.jpg,0.3457485910316099,2
tangram-81.jpg,E1.jpg,0.37596461509504986,2
tangram-81.jpg,H1.jpg,0.07594579333709768,2
tangram-81.jpg,J1.jpg,0.2163917163917164,2
tangram-81.jpg,K1.jpg,0.0722943722943723,2
tangram-81.jpg,N1.jpg,0.4904009034443817,2
tangram-81.jpg,tangram-106.jpg,0.20584415584415583,2
tangram-81.jpg,tangram-119.jpg,0.5353535353535354,2
tangram-81.jpg,tangram-120.jpg,0.07117882117882118,2
tangram-81.jpg,tangram-142.jpg,0.11430350471446361,2
tangram-81.jpg,tangram-155.jpg,0.06493506493506493,2
tangram-81.jpg,tangram-171.jpg,0.32964094728800614,2
tangram-81.jpg,tangram-48.jpg,0.5604395604395604,2
tangram-81.jpg,tangram-6.jpg,0.1409891478384629,2
tangram-81.jpg,tangram-67.jpg,0.5289921346259374,2
tangram-81.jpg,tangram-71.jpg,0.0991816402775307,2
tangram-81.jpg,tangram-74.jpg,0.12272727272727273,2
tangram-81.jpg,tangram-8.jpg,0.11818181818181818,2
tangram-81.jpg,tangram-90.jpg,0.5484515484515484,2
tangram-81.jpg,V1.jpg,0.49567099567099565,2
tangram-81.jpg,W1.jpg,0.3920120974915495,2
tangram-87.jpg,A2.jpg,0.11666666666666667,2
tangram-87.jpg,B1.jpg,0.27861635220125786,2
tangram-87.jpg,E1.jpg,0.042318840579710144,2
tangram-87.jpg,H1.jpg,0.3660869565217391,2
tangram-87.jpg,J1.jpg,0.3220720720720721,2
tangram-87.jpg,K1.jpg,0.07333333333333333,2
tangram-87.jpg,N1.jpg,0.021159420289855072,2
tangram-87.jpg,T1.jpg,0.20606060606060606,2
tangram-87.jpg,tangram-103.jpg,0.0773913043478261,2
tangram-87.jpg,tangram-106.jpg,0.11142857142857143,2
tangram-87.jpg,tangram-119.jpg,0.0980952380952381,2
tangram-87.jpg,tangram-120.jpg,0.1951282051282051,2
tangram-87.jpg,tangram-142.jpg,0.16255707762557076,2
tangram-87.jpg,tangram-155.jpg,0.3093506493506494,2
tangram-87.jpg,tangram-164.jpg,0.19223628691983122,2
tangram-87.jpg,tangram-168.jpg,0.014242424242424244,2
tangram-87.jpg,tangram-171.jpg,0.252156862745098,2
tangram-87.jpg,tangram-48.jpg,0.04307692307692308,2
tangram-87.jpg,tangram-6.jpg,0.24995433789954338,2
tangram-87.jpg,tangram-67.jpg,0.027417840375586856,2
tangram-87.jpg,tangram-71.jpg,0.14922374429223745,2
tangram-87.jpg,tangram-74.jpg,0.2480952380952381,2
tangram-87.jpg,tangram-8.jpg,0.01575757575757576,2
tangram-87.jpg,tangram-81.jpg,0.07212121212121213,2
tangram-87.jpg,tangram-90.jpg,0.08051282051282052,2
tangram-87.jpg,tangram-99.jpg,0.1318421052631579,2
tangram-87.jpg,V1.jpg,0.051212121212121216,2
tangram-87.jpg,W1.jpg,0.03388127853881279,2
tangram-9.jpg,A2.jpg,0.13901960784313724,2
tangram-9.jpg,B1.jpg,0.4206437291897891,2
tangram-9.jpg,C1.jpg,0.3080495356037152,2
tangram-9.jpg,D1.jpg,0.04941176470588235,2
tangram-9.jpg,E1.jpg,0.1483375959079284,2
tangram-9.jpg,F1.jpg,0.1719704275152684,2
tangram-9.jpg,H1.jpg,0.05583972719522592,2
tangram-9.jpg,I1.jpg,0.1764705882352941,2
tangram-9.jpg,J1.jpg,0.14162692103868574,2
tangram-9.jpg,K1.jpg,0.33294117647058824,2
tangram-9.jpg,N1.jpg,0.22975277067348682,2
tangram-9.jpg,O1.jpg,0.21824381926683717,2
tangram-9.jpg,T1.jpg,0.1323529411764706,2
tangram-9.jpg,tangram-103.jpg,0.13341858482523444,2
tangram-9.jpg,tangram-106.jpg,0.16862745098039217,2
tangram-9.jpg,tangram-108.jpg,0.07817672523554876,2
tangram-9.jpg,tangram-119.jpg,0.3468720821661998,2
tangram-9.jpg,tangram-120.jpg,0.0746606334841629,2
tangram-9.jpg,tangram-142.jpg,0.12342197152833737,2
tangram-9.jpg,tangram-146.jpg,0.1951334750767777,2
tangram-9.jpg,tangram-155.jpg,0.1762159409218233,2
tangram-9.jpg,tangram-164.jpg,0.08699429138744105,2
tangram-9.jpg,tangram-168.jpg,0.29545454545454547,2
tangram-9.jpg,tangram-171.jpg,0.2647058823529412,2
tangram-9.jpg,tangram-178.jpg,0.25816993464052285,2
tangram-9.jpg,tangram-187.jpg,0.18823529411764706,2
tangram-9.jpg,tangram-30.jpg,0.26021241830065356,2
tangram-9.jpg,tangram-4.jpg,0.11437908496732026,2
tangram-9.jpg,tangram-44.jpg,0.22850678733031674,2
tangram-9.jpg,tangram-48.jpg,0.1455505279034691,2
tangram-9.jpg,tangram-53.jpg,0.20180799592564297,2
tangram-9.jpg,tangram-6.jpg,0.13121138866505505,2
tangram-9.jpg,tangram-64.jpg,0.12140746709642761,2
tangram-9.jpg,tangram-67.jpg,0.23639878486605911,2
tangram-9.jpg,tangram-71.jpg,0.10582863282299221,2
tangram-9.jpg,tangram-74.jpg,0.12128851540616246,2
tangram-9.jpg,tangram-8.jpg,0.3415329768270945,2
tangram-9.jpg,tangram-81.jpg,0.26343264578558695,2
tangram-9.jpg,tangram-87.jpg,0.08549019607843138,2
tangram-9.jpg,tangram-90.jpg,0.1972850678733032,2
tangram-9.jpg,tangram-96.jpg,0.21854575163398693,2
tangram-9.jpg,tangram-99.jpg,0.22007223942208462,2
tangram-9.jpg,V1.jpg,0.17557932263814616,2
tangram-9.jpg,W1.jpg,0.15269943593875906,2
tangram-9.jpg,Y1.jpg,0.09719887955182073,2
tangram-90.jpg,B1.jpg,0.262844702467344,2
tangram-90.jpg,E1.jpg,0.42329988851727984,2
tangram-90.jpg,H1.jpg,0.06700111482720178,2
tangram-90.jpg,J1.jpg,0.2687110187110187,2
tangram-90.jpg,K1.jpg,0.050769230769230775,2
tangram-90.jpg,N1.jpg,0.539241917502787,2
tangram-90.jpg,tangram-106.jpg,0.22087912087912087,2
tangram-90.jpg,tangram-119.jpg,0.4368742368742369,2
tangram-90.jpg,tangram-120.jpg,0.035897435897435895,2
tangram-90.jpg,tangram-142.jpg,0.06501580611169652,2
tangram-90.jpg,tangram-155.jpg,0.08751248751248752,2
tangram-90.jpg,tangram-171.jpg,0.29125188536953245,2
tangram-90.jpg,tangram-48.jpg,0.25384615384615383,2
tangram-90.jpg,tangram-67.jpg,0.5802816901408451,2
tangram-90.jpg,tangram-71.jpg,0.08893572181243414,2
tangram-90.jpg,tangram-74.jpg,0.08901098901098901,2
tangram-90.jpg,tangram-8.jpg,0.14965034965034965,2
tangram-90.jpg,V1.jpg,0.5495337995337997,2
tangram-90.jpg,W1.jpg,0.43371970495258166,2
tangram-96.jpg,A2.jpg,0.18805555555555556,2
tangram-96.jpg,B1.jpg,0.347877358490566,2
tangram-96.jpg,C1.jpg,0.04751461988304093,2
tangram-96.jpg,E1.jpg,0.19595410628019322,2
tangram-96.jpg,H1.jpg,0.14855072463768115,2
tangram-96.jpg,J1.jpg,0.06174924924924925,2
tangram-96.jpg,K1.jpg,0.075,2
tangram-96.jpg,N1.jpg,0.2952898550724638,2
tangram-96.jpg,O1.jpg,0.28321256038647347,2
tangram-96.jpg,T1.jpg,0.27904040404040403,2
tangram-96.jpg,tangram-103.jpg,0.11141304347826088,2
tangram-96.jpg,tangram-106.jpg,0.18174603174603177,2
tangram-96.jpg,tangram-108.jpg,0.17045454545454547,2
tangram-96.jpg,tangram-119.jpg,0.3501984126984127,2
tangram-96.jpg,tangram-120.jpg,0.31143162393162394,2
tangram-96.jpg,tangram-142.jpg,0.15154109589041095,2
tangram-96.jpg,tangram-146.jpg,0.20607429718875503,2
tangram-96.jpg,tangram-155.jpg,0.10840548340548341,2
tangram-96.jpg,tangram-164.jpg,0.10821026722925457,2
tangram-96.jpg,tangram-168.jpg,0.1773989898989899,2
tangram-96.jpg,tangram-171.jpg,0.42728758169934644,2
tangram-96.jpg,tangram-178.jpg,0.18981481481481483,2
tangram-96.jpg,tangram-187.jpg,0.37585470085470085,2
tangram-96.jpg,tangram-30.jpg,0.24305555555555555,2
tangram-96.jpg,tangram-4.jpg,0.04861111111111111,2
tangram-96.jpg,tangram-48.jpg,0.4227564102564103,2
tangram-96.jpg,tangram-53.jpg,0.20337301587301587,2
tangram-96.jpg,tangram-6.jpg,0.1447869101978691,2
tangram-96.jpg,tangram-67.jpg,0.37822769953051644,2
tangram-96.jpg,tangram-71.jpg,0.2761605783866058,2
tangram-96.jpg,tangram-74.jpg,0.23968253968253966,2
tangram-96.jpg,tangram-8.jpg,0.029924242424242423,2
tangram-96.jpg,tangram-81.jpg,0.40088383838383834,2
tangram-96.jpg,tangram-87.jpg,0.1313888888888889,2
tangram-96.jpg,tangram-90.jpg,0.3058760683760684,2
tangram-96.jpg,tangram-99.jpg,0.2642543859649123,2
tangram-96.jpg,V1.jpg,0.2758838383838384,2
tangram-96.jpg,W1.jpg,0.10331050228310501,2
tangram-99.jpg,A2.jpg,0.53,2
tangram-99.jpg,B1.jpg,0.25049652432969216,2
tangram-99.jpg,E1.jpg,0.3403890160183066,2
tangram-99.jpg,H1.jpg,0.09086575133485889,2
tangram-99.jpg,J1.jpg,0.15327169274537694,2
tangram-99.jpg,K1.jpg,0.0793859649122807,2
tangram-99.jpg,N1.jpg,0.3957856598016781,2
tangram-99.jpg,T1.jpg,0.3686204146730463,2
tangram-99.jpg,tangram-103.jpg,0.35678871090770403,2
tangram-99.jpg,tangram-106.jpg,0.33966165413533833,2
tangram-99.jpg,tangram-119.jpg,0.5248538011695907,2
tangram-99.jpg,tangram-120.jpg,0.13073549257759784,2
tangram-99.jpg,tangram-142.jpg,0.12112472963229992,2
tangram-99.jpg,tangram-155.jpg,0.12465823650034177,2
tangram-99.jpg,tangram-164.jpg,0.04505329780146569,2
tangram-99.jpg,tangram-168.jpg,0.2811004784688995,2
tangram-99.jpg,tangram-171.jpg,0.3765479876160991,2
tangram-99.jpg,tangram-48.jpg,0.28421052631578947,2
tangram-99.jpg,tangram-6.jpg,0.12112472963229992,2
tangram-99.jpg,tangram-67.jpg,0.467290585618977,2
tangram-99.jpg,tangram-71.jpg,0.21268925739005046,2
tangram-99.jpg,tangram-74.jpg,0.15037593984962405,2
tangram-99.jpg,tangram-8.jpg,0.16232057416267942,2
tangram-99.jpg,tangram-81.jpg,0.5096548188653451,2
tangram-99.jpg,tangram-90.jpg,0.44564777327935223,2
tangram-99.jpg,V1.jpg,0.4595295055821372,2
tangram-99.jpg,W1.jpg,0.3965392934390771,2
V1.jpg,B1.jpg,0.217409948542024,2
V1.jpg,E1.jpg,0.22332015810276679,2
V1.jpg,H1.jpg,0.03689064558629776,2
V1.jpg,J1.jpg,0.14578214578214577,2
V1.jpg,K1.jpg,0.042727272727272725,2
V1.jpg,N1.jpg,0.4993412384716732,2
V1.jpg,tangram-106.jpg,0.27121212121212124,2
V1.jpg,tangram-120.jpg,0.029137529137529136,2
V1.jpg,tangram-142.jpg,0.06454960564549606,2
V1.jpg,tangram-155.jpg,0.0800865800865801,2
V1.jpg,tangram-171.jpg,0.23172905525846704,2
V1.jpg,tangram-48.jpg,0.22062937062937063,2
V1.jpg,tangram-67.jpg,0.4992530943235169,2
V1.jpg,tangram-71.jpg,0.10855126608551266,2
V1.jpg,tangram-74.jpg,0.04415584415584416,2
V1.jpg,tangram-8.jpg,0.07272727272727272,2
V1.jpg,W1.jpg,0.3963262764632628,2
W1.jpg,J1.jpg,0.2451869677897075,2
W1.jpg,tangram-74.jpg,0.08424657534246574,2
Y1.jpg,A2.jpg,0.047142857142857146,2
Y1.jpg,B1.jpg,0.22722371967654986,2
Y1.jpg,C1.jpg,0.13665413533834586,2
Y1.jpg,E1.jpg,0.05041407867494824,2
Y1.jpg,F1.jpg,0.10526932084309133,2
Y1.jpg,H1.jpg,0.30186335403726705,2
Y1.jpg,J1.jpg,0.11718146718146719,2
Y1.jpg,K1.jpg,0.10476190476190475,2
Y1.jpg,N1.jpg,0.014389233954451346,2
Y1.jpg,O1.jpg,0.07215320910973086,2
Y1.jpg,T1.jpg,0.1538961038961039,2
Y1.jpg,tangram-103.jpg,0.050310559006211175,2
Y1.jpg,tangram-106.jpg,0.15714285714285714,2
Y1.jpg,tangram-108.jpg,0.12597402597402596,2
Y1.jpg,tangram-119.jpg,0.04603174603174603,2
Y1.jpg,tangram-120.jpg,0.27673992673992676,2
Y1.jpg,tangram-142.jpg,0.5391389432485323,2
Y1.jpg,tangram-146.jpg,0.08166953528399312,2
Y1.jpg,tangram-155.jpg,0.3,2
Y1.jpg,tangram-164.jpg,0.20741410488245932,2
Y1.jpg,tangram-168.jpg,0.022294372294372294,2
Y1.jpg,tangram-171.jpg,0.3887955182072829,2
Y1.jpg,tangram-178.jpg,0.02566137566137566,2
Y1.jpg,tangram-187.jpg,0.07362637362637363,2
Y1.jpg,tangram-30.jpg,0.0992063492063492,2
Y1.jpg,tangram-4.jpg,0.19107142857142856,2
Y1.jpg,tangram-48.jpg,0.0521978021978022,2
Y1.jpg,tangram-53.jpg,0.0538961038961039,2
Y1.jpg,tangram-6.jpg,0.23816046966731896,2
Y1.jpg,tangram-64.jpg,0.16076320939334637,2
Y1.jpg,tangram-67.jpg,0.028370221327967807,2
Y1.jpg,tangram-71.jpg,0.19677103718199607,2
Y1.jpg,tangram-74.jpg,0.3,2
Y1.jpg,tangram-8.jpg,0.016233766233766232,2
Y1.jpg,tangram-81.jpg,0.10194805194805195,2
Y1.jpg,tangram-87.jpg,0.2961904761904762,2
Y1.jpg,tangram-90.jpg,0.03736263736263736,2
Y1.jpg,tangram-96.jpg,0.28075396825396826,2
Y1.jpg,tangram-99.jpg,0.11353383458646618,2
Y1.jpg,V1.jpg,0.04458874458874459,2
Y1.jpg,W1.jpg,0.05655577299412916,2
